District,Year,Area (Hectare),Production (Tonnes),Yield (Tonne/Hectare),MIN_TEMP,MAX_TEMP,AVG_TEMP,HUMIDITY,PRECIPITATION,WIND_SPEED,,,
Ahmednagar,1999 - 2000,"3,10,600.00","1,78,300.00",0.57,19.08,34.306,25.288,16.776,4.812,4.11,,,
Ahmednagar,2000 - 2001,"3,26,100.00","1,87,300.00",0.57,19.43,33.96,25.564,16.616,4.434,3.714,,,
Ahmednagar,2001 - 2002,"1,94,400.00","82,000.00",0.42,19.174,34.01,25.318,16.754,4.68,4.02,,,
Ahmednagar,2002 - 2003,"2,18,400.00","1,58,900.00",0.73,19.36,35.34,25.938,16.548,4.88,4.194,,,
Ahmednagar,2003 - 2004,"2,04,100.00","70,800.00",0.35,19.662,34.912,25.854,16.85,5.348,4.192,,,
Ahmednagar,2004 - 2005,"2,40,500.00","1,43,400.00",0.6,19.206,33.146,25.178,16.574,4.172,4.042,,,
Ahmednagar,2005 - 2006,"2,17,700.00","54,800.00",0.25,19.522,33.312,25.21,17.194,7.054,4.074,,,
Ahmednagar,2006 - 2007,"2,43,900.00","1,48,900.00",0.61,19.646,32.116,25.01,17.182,6.758,4.03,,,
Ahmednagar,2007 - 2008,"2,32,600.00","1,74,100.00",0.75,19.308,32.676,25.156,17.042,5.452,3.792,,,
Ahmednagar,2008 - 2009,"1,28,200.00","92,400.00",0.72,18.906,34.042,25.252,16.644,5.464,3.712,,,
Ahmednagar,2009 - 2010,"1,90,700.00","1,15,400.00",0.61,19.734,34.154,25.924,16.694,4.826,3.944,,,
Ahmednagar,2010 - 2011,"1,96,000.00","1,86,800.00",0.95,19.342,32.978,25.376,17.642,7.48,3.694,,,
Ahmednagar,2011 - 2012,"1,84,700.00","1,79,500.00",0.97,19.542,32.934,25.248,17.054,4.82,3.976,,,
Ahmednagar,2012 - 2013,"1,60,500.00","55,400.00",0.35,19.29,34.548,25.874,16.702,5.508,4.01,,,
Ahmednagar,2013 - 2014,"1,81,800.00","1,88,200.00",1.04,19.46,32.646,24.872,17.668,7.328,4.084,,,
Ahmednagar,2014 - 2015,"1,86,000.00","1,07,700.00",0.58,19.828,35.37,26.32,16.094,4.08,4.122,,,
Ahmednagar,2015 - 2016,"1,22,000.00","30,400.00",0.25,19.94,35.92,26.508,16.478,4.1,3.788,,,
Ahmednagar,2016 - 2017,"1,46,400.00","1,49,800.00",1.02,19.452,33.44,25.302,16.892,5.984,3.988,,,
Ahmednagar,2017 - 2018,"1,19,500.00","1,20,100.00",1.01,19.612,33.936,25.792,17.216,4.958,3.632,,,
Ahmednagar,2018 - 2019,"1,30,478.00","84,115.00",0.64,19.614,35.47,26.238,16.194,4.762,4.124,,,
Ahmednagar,2019 - 2020,"1,46,822.00","1,27,713.00",0.87,20.44,34.53,26.124,17.25,5.658,4.05,,,
Ahmednagar,2020 - 2021,"1,50,957.97","2,29,822.23",1.52,19.754,32.328,25.4,18.264,6.5,3.294,,,
Ahmednagar,2021 - 2022,"1,47,501.90","1,51,916.36",1.03,19.748,33.054,25.46,18.034,7.232,3.488,,,
Ahmednagar,2022 - 2023,"1,10,862.00","1,36,744.00",1.23,19.38,33.192,25.16,17.562,8.372,3.7,,,
Akola,1999 - 2000,"2,300.00","1,200.00",0.52,19.916,33.8,25.924,0,0,0,,,
Akola,2000 - 2001,"2,500.00","1,500.00",0.6,20.172,35.29,26.75,0,0,0,,,
Akola,2001 - 2002,"2,300.00",800,0.35,19.584,34.55,26.134,0,0,0,,,
Akola,2002 - 2003,"2,400.00","1,600.00",0.67,19.852,35.228,26.83,0,0,0,,,
Akola,2003 - 2004,"1,900.00",900,0.47,20.33,33.872,26.098,0,0,0,,,
Akola,2004 - 2005,"1,400.00",600,0.43,19.966,34.994,26.704,0,0,0,,,
Akola,2005 - 2006,"1,400.00",700,0.5,19.804,34.89,26.764,0,0,0,,,
Akola,2006 - 2007,"1,100.00",600,0.55,20.474,33.312,26.29,0,0,0,,,
Akola,2007 - 2008,900,500,0.56,19.718,33.716,26.214,0,0,0,,,
Akola,2008 - 2009,900,500,0.56,19.9,34.664,26.296,0,0,0,,,
Akola,2009 - 2010,600,400,0.67,20.306,34.614,27.106,0,0,0,,,
Akola,2010 - 2011,600,300,0.5,20.304,33.878,26.744,0,0,0,,,
Akola,2011 - 2012,500,300,0.6,20.336,34.06,26.228,0,0,0,,,
Akola,2012 - 2013,500,300,0.6,20.088,33.998,26.26,0,0,0,,,
Akola,2013 - 2014,200,100,0.5,20.352,33.272,25.624,0,0,0,,,
Akola,2014 - 2015,300,100,0.33,20.75,36.518,27.64,0,0,0,,,
Akola,2016 - 2017,100,36,0.36,20.026,33.544,26.254,0,0,0,,,
Akola,2017 - 2018,100,45,0.45,20.418,34.448,26.656,0,0,0,,,
Akola,2018 - 2019,136.1,19.9,0.15,19.942,34.926,26.302,0,0,0,,,
Akola,2019 - 2020,78,18,0.23,21.448,34.326,27.088,0,0,0,,,
Akola,2020 - 2021,77.78,36.72,0.47,20.544,33.398,26.484,0,0,0,,,
Akola,2021 - 2022,5.24,1.89,0.36,20.254,33.372,26.262,0,0,0,,,
Akola,2022 - 2023,"1,419.00",510,0.36,20.302,33.53,26.118,0,0,0,,,
Amravati,1999 - 2000,"1,000.00",500,0.5,19.92,33.908,26.058,16.866,6.216,4.18,,,
Amravati,2000 - 2001,900,500,0.56,20.218,35.248,26.786,16.364,4.178,3.852,,,
Amravati,2001 - 2002,"1,000.00",400,0.4,19.554,34.13,26.084,16.772,5.204,3.972,,,
Amravati,2002 - 2003,800,500,0.63,19.894,35.034,26.876,16.41,4.926,4.434,,,
Amravati,2003 - 2004,800,400,0.5,20.436,34.158,26.298,17.06,5.802,4.318,,,
Amravati,2004 - 2005,700,400,0.57,20.07,35.294,26.822,16.35,3.804,4.116,,,
Amravati,2005 - 2006,300,100,0.33,19.732,35.022,26.902,16.75,6.184,4.268,,,
Amravati,2006 - 2007,200,100,0.5,20.506,33.576,26.45,17.236,7.798,4.118,,,
Amravati,2007 - 2008,200,100,0.5,19.84,33.904,26.29,16.898,5.526,3.798,,,
Amravati,2008 - 2009,300,200,0.67,19.86,34.318,26.206,16.522,4.77,3.784,,,
Amravati,2009 - 2010,200,200,1,20.368,34.562,27.178,16.49,4.744,4.008,,,
Amravati,2010 - 2011,300,200,0.67,20.422,33.942,26.888,17.68,7.276,3.786,,,
Amravati,2011 - 2012,300,200,0.67,20.376,34.256,26.328,17.148,5.138,3.834,,,
Amravati,2012 - 2013,300,200,0.67,20.052,34.052,26.286,16.956,5.892,4.044,,,
Amravati,2015 - 2016,100,0,0,20.096,35.064,26.92,16.732,5.51,3.878,,,
Amravati,2017 - 2018,104,46,0.44,20.71,34.694,26.934,17.172,4.398,3.804,,,
Amravati,2018 - 2019,1,0.1,0.1,20.14,34.894,26.39,16.436,5.242,4.116,,,
Amravati,2019 - 2020,1,1,1,21.428,34.666,27.318,17.234,5.392,4.25,,,
Amravati,2020 - 2021,1,0.47,0.47,20.486,33.38,26.59,18.242,5.912,3.23,,,
Aurangabad,1999 - 2000,"1,38,600.00","1,23,300.00",0.89,21.068,35.066,26.908,16.24,2.714,5.036,,,
Aurangabad,2000 - 2001,"1,61,000.00","1,20,100.00",0.75,21.046,33.678,26.72,16.888,4.55,4.392,,,
Aurangabad,2001 - 2002,"1,37,400.00","86,700.00",0.63,21.172,34.646,26.986,16.568,4.242,4.856,,,
Aurangabad,2002 - 2003,"1,49,900.00","1,31,100.00",0.87,21.326,35.996,27.494,16.518,3.958,4.834,,,
Aurangabad,2003 - 2004,"1,28,700.00","1,10,200.00",0.86,21.482,35.182,27.192,16.684,3.68,4.812,,,
Aurangabad,2004 - 2005,"1,28,900.00","1,07,900.00",0.84,21.358,34.198,26.958,16.822,3.822,4.79,,,
Aurangabad,2005 - 2006,"1,31,400.00","1,50,000.00",1.14,21.53,34.482,26.992,17.428,5.742,4.81,,,
Aurangabad,2006 - 2007,"1,23,100.00","1,39,400.00",1.13,21.612,33.896,26.83,17.026,4.744,4.862,,,
Aurangabad,2007 - 2008,"1,11,100.00","1,36,200.00",1.23,21.292,33.522,26.518,17.294,5.556,4.606,,,
Aurangabad,2008 - 2009,"1,09,100.00","1,03,500.00",0.95,20.782,34.33,26.854,16.568,4.392,4.616,,,
Aurangabad,2009 - 2010,"1,22,400.00","1,21,800.00",1,21.476,35.284,27.55,16.638,3.688,4.978,,,
Aurangabad,2010 - 2011,"89,800.00","1,26,500.00",1.41,21.49,33.962,26.83,17.772,5.868,4.304,,,
Aurangabad,2011 - 2012,"68,500.00","87,800.00",1.28,21.414,34.832,27.172,16.644,3.356,4.904,,,
Aurangabad,2012 - 2013,"68,500.00","44,500.00",0.65,21.324,35.034,27.132,16.28,3.978,4.932,,,
Aurangabad,2013 - 2014,"31,000.00","38,000.00",1.23,21.294,33.152,26.378,17.274,5.188,4.9,,,
Aurangabad,2014 - 2015,"45,300.00","24,200.00",0.53,21.804,36.302,28.046,16.338,3.47,4.882,,,
Aurangabad,2015 - 2016,"51,900.00","22,400.00",0.43,21.634,35.716,27.716,16.452,3.012,4.47,,,
Aurangabad,2016 - 2017,"52,000.00","57,900.00",1.11,21.19,33.956,26.696,16.716,4.396,4.794,,,
Aurangabad,2017 - 2018,"54,200.00","37,200.00",0.69,21.492,34.346,27.084,17.328,4.548,4.266,,,
Aurangabad,2018 - 2019,"54,728.00","24,911.00",0.46,21.296,35.32,27.358,15.874,2.514,5.076,,,
Aurangabad,2019 - 2020,"59,443.00","54,263.00",0.91,22.478,34.98,27.664,17.396,5,4.786,,,
Aurangabad,2020 - 2021,"58,339.77","94,599.74",1.62,21.672,33.196,26.846,18.118,5.998,4.22,,,
Aurangabad,2021 - 2022,"58,339.77","34,805.51",0.6,21.606,33.346,26.95,17.66,5.186,4.396,,,
Aurangabad,2022 - 2023,"16,599.00","14,484.00",0.87,21.142,33.658,26.684,17.498,5.286,4.348,,,
Beed,1999 - 2000,"1,81,500.00","1,24,300.00",0.68,20.512,35.494,26.664,15.382,2.722,5.63,,,
Beed,2000 - 2001,"2,13,600.00","1,70,500.00",0.8,20.208,33.22,25.998,15.828,3.386,5.018,,,
Beed,2001 - 2002,"1,51,400.00","74,400.00",0.49,20.5,34.792,26.556,15.504,3.244,5.576,,,
Beed,2002 - 2003,"1,87,100.00","1,56,900.00",0.84,20.842,35.934,27.088,15.384,2.436,5.51,,,
Beed,2003 - 2004,"1,80,500.00","1,00,200.00",0.56,20.586,35.686,26.982,15.296,2.274,5.492,,,
Beed,2004 - 2005,"1,76,200.00","1,09,100.00",0.62,20.526,34.232,26.552,15.626,2.238,5.438,,,
Beed,2005 - 2006,"1,91,300.00","1,29,300.00",0.68,20.988,33.924,26.372,16.998,4.632,4.938,,,
Beed,2006 - 2007,"1,84,100.00","1,54,100.00",0.84,20.926,33.888,26.382,15.97,2.606,5.532,,,
Beed,2007 - 2008,"1,62,100.00","1,16,500.00",0.72,20.524,33.554,25.936,16.642,5.144,4.856,,,
Beed,2008 - 2009,"1,35,000.00","98,100.00",0.73,20.036,34.294,26.452,15.832,2.89,4.954,,,
Beed,2009 - 2010,"1,31,700.00","1,03,300.00",0.78,20.846,35.424,26.998,15.992,3.444,5.452,,,
Beed,2010 - 2011,"1,22,500.00","1,12,800.00",0.92,20.348,33.976,26.328,16.492,3.416,4.93,,,
Beed,2011 - 2012,"1,07,100.00","1,08,900.00",1.02,21.032,35.276,27.01,15.352,1.856,5.948,,,
Beed,2012 - 2013,"1,07,100.00","69,000.00",0.64,20.756,35.406,26.834,14.846,1.95,5.93,,,
Beed,2013 - 2014,"1,22,100.00","1,30,300.00",1.07,20.462,32.772,25.912,16.022,2.792,5.746,,,
Beed,2014 - 2015,"1,27,100.00","56,200.00",0.44,20.818,36.4,27.568,15.752,2.84,5.472,,,
Beed,2015 - 2016,"1,27,600.00","32,800.00",0.26,21.41,36.814,27.926,15.56,2.256,5.316,,,
Beed,2016 - 2017,"1,44,700.00","93,090.00",0.64,20.672,34.746,26.396,15.5,2.808,5.222,,,
Beed,2017 - 2018,"1,52,700.00","90,240.00",0.59,20.498,34.618,26.668,16.238,3.656,4.774,,,
Beed,2018 - 2019,"57,506.00","15,492.00",0.27,20.766,36.04,27.292,14.754,1.512,5.82,,,
Beed,2019 - 2020,"64,497.00","51,583.00",0.8,21.944,35.534,27.408,16.486,3.322,5.528,,,
Beed,2020 - 2021,"56,397.45","94,480.40",1.68,20.954,33.038,26.236,17.068,5.214,4.7,,,
Beed,2021 - 2022,"41,355.06","31,917.72",0.77,20.642,33.424,26.4,16.438,3.044,5.028,,,
Beed,2022 - 2023,"36,425.00","41,572.00",1.14,20.354,34.01,26.206,16.54,4.17,4.686,,,
Buldhana,1999 - 2000,"7,500.00","3,800.00",0.51,20.15,34.496,26.218,16.326,4.868,4.33,,,
Buldhana,2000 - 2001,"7,900.00","4,900.00",0.62,20.292,35.592,27.028,15.856,3.968,4.148,,,
Buldhana,2001 - 2002,"7,800.00","2,900.00",0.37,19.962,35.342,26.576,16.15,4.434,4.27,,,
Buldhana,2002 - 2003,"5,700.00","3,600.00",0.63,20.054,35.64,27.05,15.734,4.188,4.596,,,
Buldhana,2003 - 2004,"4,200.00","1,900.00",0.45,20.53,34.382,26.348,16.394,4.292,4.514,,,
Buldhana,2004 - 2005,"4,200.00","1,900.00",0.45,20.066,34.974,26.8,16.01,3.95,4.328,,,
Buldhana,2005 - 2006,"4,200.00","2,100.00",0.5,20.132,35.094,26.828,16.528,6.168,4.464,,,
Buldhana,2006 - 2007,"3,700.00","1,800.00",0.49,20.548,33.402,26.346,16.916,7.278,4.266,,,
Buldhana,2007 - 2008,"3,000.00","1,600.00",0.53,19.956,33.722,26.358,16.634,5.278,3.912,,,
Buldhana,2008 - 2009,"3,700.00","2,000.00",0.54,19.926,35.44,26.736,15.856,3.82,4.148,,,
Buldhana,2009 - 2010,"3,500.00","2,600.00",0.74,20.47,35.094,27.326,16.07,4.302,4.252,,,
Buldhana,2010 - 2011,"3,600.00","1,900.00",0.53,20.596,34.036,26.8,17.354,6.034,3.862,,,
Buldhana,2011 - 2012,"3,300.00","2,100.00",0.64,20.562,34.482,26.446,16.694,4.874,4.132,,,
Buldhana,2012 - 2013,"1,900.00","2,100.00",1.11,20.304,34.284,26.574,16.376,4.658,4.306,,,
Buldhana,2013 - 2014,"3,500.00","2,300.00",0.66,20.336,33.404,25.738,17.184,5.848,4.478,,,
Buldhana,2014 - 2015,"1,700.00",300,0.18,20.98,36.652,27.77,15.698,3.61,4.48,,,
Buldhana,2015 - 2016,"1,900.00",200,0.11,20.138,35.882,27.134,16.05,4.782,4.044,,,
Buldhana,2016 - 2017,"2,090.00",700,0.33,20.1,33.916,26.41,16.428,5.796,4.218,,,
Buldhana,2017 - 2018,"2,180.00","1,000.00",0.46,20.41,34.572,26.73,16.892,5.44,3.848,,,
Buldhana,2018 - 2019,"2,267.30",332,0.15,19.9,35.348,26.562,15.61,4.684,4.362,,,
Buldhana,2019 - 2020,"2,408.00",546,0.23,21.584,34.346,27.132,17.052,6.258,4.332,,,
Buldhana,2020 - 2021,"2,076.41",980.27,0.47,20.838,33.484,26.634,17.976,6.556,3.356,,,
Buldhana,2021 - 2022,"1,456.02",527.1,0.36,20.434,33.838,26.56,17.388,6.898,3.77,,,
Buldhana,2022 - 2023,16,6,0.38,20.36,33.562,26.194,17.134,7.028,4.056,,,
Chandrapur,2016 - 2017,33,11,0.33,21.106,33.982,26.534,0,0,0,,,
Dhule,1999 - 2000,"1,07,000.00","49,200.00",0.46,0,0,0,0,0,0,,,
Dhule,2000 - 2001,"1,08,400.00","41,200.00",0.38,0,0,0,0,0,0,,,
Dhule,2001 - 2002,"1,43,100.00","1,30,300.00",0.91,0,0,0,0,0,0,,,
Dhule,2002 - 2003,"1,43,800.00","1,04,100.00",0.72,0,0,0,0,0,0,,,
Dhule,2003 - 2004,"1,45,700.00","1,58,200.00",1.09,0,0,0,0,0,0,,,
Dhule,2004 - 2005,"1,38,000.00","1,42,700.00",1.03,0,0,0,0,0,0,,,
Dhule,2005 - 2006,"1,30,600.00","80,700.00",0.62,0,0,0,0,0,0,,,
Dhule,2006 - 2007,"1,30,000.00","1,19,100.00",0.92,0,0,0,0,0,0,,,
Dhule,2007 - 2008,"1,04,500.00","1,19,100.00",1.14,0,0,0,0,0,0,,,
Dhule,2008 - 2009,"1,24,700.00","49,600.00",0.4,0,0,0,0,0,0,,,
Dhule,2009 - 2010,"1,04,900.00","99,800.00",0.95,0,0,0,0,0,0,,,
Dhule,2010 - 2011,"1,09,400.00","1,71,300.00",1.57,0,0,0,0,0,0,,,
Dhule,2011 - 2012,"1,12,500.00","1,23,200.00",1.1,0,0,0,0,0,0,,,
Dhule,2012 - 2013,"1,30,800.00","1,16,100.00",0.89,0,0,0,0,0,0,,,
Dhule,2013 - 2014,"99,900.00","1,32,900.00",1.33,0,0,0,0,0,0,,,
Dhule,2014 - 2015,"1,16,800.00","97,500.00",0.83,0,0,0,0,0,0,,,
Dhule,2015 - 2016,"1,17,700.00","68,400.00",0.58,0,0,0,0,0,0,,,
Dhule,2016 - 2017,"77,400.00","60,400.00",0.78,0,0,0,0,0,0,,,
Dhule,2017 - 2018,"77,800.00","1,03,300.00",1.33,0,0,0,0,0,0,,,
Dhule,2018 - 2019,"81,923.00","47,140.00",0.58,0,0,0,0,0,0,,,
Dhule,2019 - 2020,"55,366.00","29,009.00",0.52,0,0,0,0,0,0,,,
Dhule,2020 - 2021,"56,385.85","70,284.99",1.25,0,0,0,0,0,0,,,
Dhule,2021 - 2022,"54,622.98","38,945.17",0.71,0,0,0,0,0,0,,,
Dhule,2022 - 2023,"50,093.00","55,786.00",1.11,20.464,33.444,25.974,0,0,0,,,
Gadchiroli,2016 - 2017,18,6,0.33,20.396,33.84,26.208,0,0,0,,,
Gondia,1999 - 2000,400,200,0.5,20.082,33.652,26.274,17.146,4.462,3.66,,,
Hingoli,2000 - 2001,400,200,0.5,20.082,33.652,26.274,17.146,4.462,3.66,,,
Hingoli,2001 - 2002,400,200,0.5,19.822,34.328,26.032,17.002,3.83,3.932,,,
Hingoli,2002 - 2003,600,500,0.83,20.08,34.836,26.564,16.898,4.468,3.998,,,
Hingoli,2003 - 2004,"1,100.00",700,0.64,20.022,34.186,26.328,17.352,5.538,3.98,,,
Hingoli,2004 - 2005,800,400,0.5,20.166,34.74,26.512,16.79,3.444,3.952,,,
Hingoli,2005 - 2006,300,100,0.33,20.222,34.176,26.456,17.73,6.996,3.988,,,
Hingoli,2006 - 2007,300,200,0.67,20.514,33.414,26.116,17.244,5.964,3.904,,,
Hingoli,2007 - 2008,200,100,0.5,19.962,33.636,25.954,17.328,4.916,3.742,,,
Hingoli,2008 - 2009,200,100,0.5,19.648,34.344,26.09,17.082,5.618,3.45,,,
Hingoli,2009 - 2010,300,100,0.33,20.498,34.828,26.996,17.024,4.216,3.778,,,
Hingoli,2010 - 2011,200,200,1,20.106,33.388,26.314,17.93,7.398,3.574,,,
Hingoli,2011 - 2012,200,200,1,20.63,34.052,26.306,16.982,3.552,3.918,,,
Hingoli,2015 - 2016,100,0,0,20.98,36.39,27.646,16.428,2.738,3.694,,,
Hingoli,2016 - 2017,300,86,0.29,20.066,33.986,26.236,17.322,5.754,3.902,,,
Hingoli,2017 - 2018,300,100,0.33,20.514,35.104,26.976,17.802,5.586,3.518,,,
Hingoli,2019 - 2020,6,1,0.17,21.462,34.63,27.248,17.638,6.062,3.862,,,
Hingoli,2020 - 2021,8.4,3.97,0.47,20.886,33.092,26.364,18.762,9.08,3.23,,,
Hingoli,2021 - 2022,10.5,3.8,0.36,20.154,32.726,25.982,18.51,7.118,3.304,,,
Hingoli,2022 - 2023,431,155,0.36,20.032,34.092,26.052,17.952,8.102,3.59,,,
Jalgaon,1999 - 2000,"67,300.00","68,600.00",1.02,0,0,0,0,0,0,,,
Jalgaon,2000 - 2001,"63,800.00","35,700.00",0.56,0,0,0,0,0,0,,,
Jalgaon,2001 - 2002,"62,500.00","54,000.00",0.86,0,0,0,0,0,0,,,
Jalgaon,2002 - 2003,"63,600.00","64,700.00",1.02,0,0,0,0,0,0,,,
Jalgaon,2003 - 2004,"61,700.00","63,800.00",1.03,0,0,0,0,0,0,,,
Jalgaon,2004 - 2005,"58,600.00","57,100.00",0.97,0,0,0,0,0,0,,,
Jalgaon,2005 - 2006,"60,100.00","44,300.00",0.74,0,0,0,0,0,0,,,
Jalgaon,2006 - 2007,"52,700.00","55,900.00",1.06,0,0,0,0,0,0,,,
Jalgaon,2007 - 2008,"46,500.00","53,700.00",1.15,0,0,0,0,0,0,,,
Jalgaon,2008 - 2009,"33,000.00","33,800.00",1.02,0,0,0,0,0,0,,,
Jalgaon,2009 - 2010,"33,200.00","36,100.00",1.09,0,0,0,0,0,0,,,
Jalgaon,2010 - 2011,"35,800.00","49,800.00",1.39,0,0,0,0,0,0,,,
Jalgaon,2011 - 2012,"16,900.00","24,100.00",1.43,0,0,0,0,0,0,,,
Jalgaon,2012 - 2013,"17,600.00","18,200.00",1.03,0,0,0,0,0,0,,,
Jalgaon,2013 - 2014,"17,700.00","20,800.00",1.18,0,0,0,0,0,0,,,
Jalgaon,2014 - 2015,"19,000.00","23,200.00",1.22,0,0,0,0,0,0,,,
Jalgaon,2015 - 2016,"18,400.00","11,400.00",0.62,0,0,0,0,0,0,,,
Jalgaon,2016 - 2017,"20,500.00","28,700.00",1.4,0,0,0,0,0,0,,,
Jalgaon,2017 - 2018,"20,200.00","20,200.00",1,0,0,0,0,0,0,,,
Jalgaon,2018 - 2019,"20,019.00","15,573.00",0.78,0,0,0,0,0,0,,,
Jalgaon,2019 - 2020,"11,896.00","9,472.00",0.8,0,0,0,0,0,0,,,
Jalgaon,2020 - 2021,"10,971.26","13,883.17",1.27,0,0,0,0,0,0,,,
Jalgaon,2021 - 2022,"10,717.73","5,182.02",0.48,0,0,0,0,0,0,,,
Jalgaon,2022 - 2023,"10,637.00","12,628.00",1.19,20.83,35.328,26.856,16.228,3.496,4.466,,,
Jalna,1999 - 2000,"84,800.00","61,700.00",0.73,20.728,34.336,26.804,16.49,5.096,3.93,,,
Jalna,2000 - 2001,"93,200.00","76,200.00",0.82,20.808,35.216,26.96,16.47,4.726,4.34,,,
Jalna,2001 - 2002,"76,700.00","54,900.00",0.72,20.978,36.12,27.46,16.166,4.442,4.448,,,
Jalna,2002 - 2003,"86,400.00","83,900.00",0.97,21.046,35.348,27.08,16.528,4.998,4.426,,,
Jalna,2003 - 2004,"74,500.00","75,600.00",1.01,20.902,34.886,27.066,16.276,3.802,4.382,,,
Jalna,2004 - 2005,"73,300.00","65,100.00",0.89,21.082,34.838,27.014,17.056,7.164,4.436,,,
Jalna,2005 - 2006,"76,200.00","77,300.00",1.01,21.322,34.092,26.796,16.814,5.608,4.374,,,
Jalna,2006 - 2007,"72,800.00","76,600.00",1.05,20.776,33.852,26.494,16.706,5.248,4.13,,,
Jalna,2007 - 2008,"51,700.00","55,400.00",1.07,20.424,35.01,26.946,16.278,5.81,4.008,,,
Jalna,2008 - 2009,"31,800.00","21,900.00",0.69,21.166,35.694,27.592,16.364,4.584,4.332,,,
Jalna,2009 - 2010,"39,100.00","36,400.00",0.93,21.118,34.24,26.884,17.34,6.744,3.986,,,
Jalna,2010 - 2011,"41,300.00","44,300.00",1.07,21.188,35.34,27.198,16.66,4.412,4.418,,,
Jalna,2011 - 2012,"26,400.00","27,200.00",1.03,21.07,35.146,27.098,16.206,4.524,4.384,,,
Jalna,2012 - 2013,"26,100.00","14,200.00",0.54,20.952,33.37,26.254,17.29,6.538,4.388,,,
Jalna,2013 - 2014,"16,700.00","20,100.00",1.2,21.452,36.868,28.136,15.74,3.582,4.37,,,
Jalna,2014 - 2015,"23,300.00","7,700.00",0.33,21.336,36.412,27.874,15.744,2.844,4.094,,,
Jalna,2015 - 2016,"22,700.00","5,800.00",0.26,20.896,34.49,26.804,16.572,5.332,4.288,,,
Jalna,2016 - 2017,"21,900.00","18,500.00",0.84,21.072,34.84,27.134,16.836,4.364,3.956,,,
Jalna,2017 - 2018,"19,500.00","12,300.00",0.63,20.922,35.816,27.326,15.682,3.642,4.504,,,
Jalna,2018 - 2019,"12,362.00","4,268.00",0.35,22.196,35.23,27.672,17.078,5.45,4.358,,,
Jalna,2019 - 2020,"14,571.00","18,761.00",1.29,21.398,33.61,26.858,17.972,6.974,3.694,,,
Jalna,2020 - 2021,"15,122.19","17,402.16",1.15,21.12,33.732,26.866,17.752,7.154,3.786,,,
Jalna,2021 - 2022,"14,817.92","9,098.62",0.61,20.846,34.062,26.61,17.224,7.304,3.958,,,
Jalna,2022 - 2023,"11,588.00","9,960.00",0.86,19.706,29.86,24.114,16.728,8.282,4.602,,,
Kolhapur,1999 - 2000,100,100,1,19.706,29.86,24.114,16.728,8.282,4.602,,,
Latur,1999 - 2000,"10,100.00","5,700.00",0.56,19.77,34.946,26.106,15.646,2.78,5.106,,,
Latur,2000 - 2001,"10,100.00","7,700.00",0.76,19.446,32.436,25.366,16.392,4.126,4.53,,,
Latur,2001 - 2002,"9,500.00","3,100.00",0.33,19.842,33.99,25.94,15.824,3.968,5.154,,,
Latur,2002 - 2003,"9,300.00","5,700.00",0.61,20.174,35.494,26.506,15.966,3.202,4.84,,,
Latur,2003 - 2004,"8,100.00","3,600.00",0.44,19.908,35.306,26.456,15.94,3.348,4.772,,,
Latur,2004 - 2005,"7,400.00","3,900.00",0.53,19.826,33.75,25.974,16.022,2.474,4.92,,,
Latur,2005 - 2006,"6,000.00","3,300.00",0.55,20.422,33.164,25.682,17.34,5.422,4.438,,,
Latur,2006 - 2007,"5,900.00","2,400.00",0.41,20.248,33.294,25.764,16.4,3.194,4.89,,,
Latur,2007 - 2008,"5,600.00","3,100.00",0.55,20.054,32.972,25.31,17.042,6.67,4.416,,,
Latur,2008 - 2009,"5,000.00","2,300.00",0.46,19.424,33.814,25.896,16.16,3.388,4.51,,,
Latur,2009 - 2010,"4,000.00","1,500.00",0.38,20.19,34.692,26.298,16.202,3.726,5.012,,,
Latur,2010 - 2011,"4,300.00","2,200.00",0.51,19.596,33.336,25.804,17.056,4.766,4.294,,,
Latur,2011 - 2012,"3,800.00","2,100.00",0.55,20.524,34.714,26.378,15.758,2.472,5.158,,,
Latur,2012 - 2013,"3,800.00","2,700.00",0.71,20.106,34.686,26.248,15.324,3.018,5.164,,,
Latur,2013 - 2014,"2,700.00","1,300.00",0.48,19.772,32.1,25.346,16.57,3.962,5.076,,,
Latur,2014 - 2015,"2,500.00",400,0.16,19.964,35.518,26.79,16.058,3.584,4.856,,,
Latur,2015 - 2016,"2,300.00",300,0.13,20.646,36.652,27.436,15.796,2.6,4.68,,,
Latur,2016 - 2017,"2,200.00",300,0.14,19.874,33.804,25.632,15.97,3.158,4.828,,,
Latur,2017 - 2018,"1,500.00",300,0.2,19.998,34.23,26.188,16.694,4.366,4.28,,,
Latur,2018 - 2019,"1,549.00",378,0.24,20.238,35.82,26.792,14.948,2.016,5.406,,,
Latur,2019 - 2020,"1,668.00",371,0.22,21.316,34.732,26.862,16.728,4.128,4.978,,,
Latur,2020 - 2021,"1,661.58",468.59,0.28,20.506,32.392,25.652,17.528,6.172,4.086,,,
Latur,2021 - 2022,918.36,115.08,0.13,19.948,32.96,25.856,16.65,2.77,4.54,,,
Nagpur,1999 - 2000,100,100,1,20.52,34.346,26.52,17.718,7.026,3.708,,,
Nanded,1999 - 2000,300,200,0.67,0,0,0,0,0,0,,,
Nanded,2000 - 2001,200,100,0.5,0,0,0,0,0,0,,,
Nanded,2001 - 2002,500,200,0.4,0,0,0,0,0,0,,,
Nanded,2002 - 2003,700,500,0.71,0,0,0,0,0,0,,,
Nanded,2003 - 2004,600,300,0.5,0,0,0,0,0,0,,,
Nanded,2004 - 2005,200,100,0.5,0,0,0,0,0,0,,,
Nanded,2005 - 2006,100,100,1,0,0,0,0,0,0,,,
Nanded,2007 - 2008,600,300,0.5,0,0,0,0,0,0,,,
Nanded,2008 - 2009,200,100,0.5,0,0,0,0,0,0,,,
Nanded,2019 - 2020,142,32,0.23,0,0,0,0,0,0,,,
Nanded,2020 - 2021,142,67.04,0.47,0,0,0,0,0,0,,,
Nanded,2021 - 2022,93.9,33.99,0.36,0,0,0,0,0,0,,,
Nanded,2022 - 2023,"3,462.00","1,244.00",0.36,0,0,0,0,0,0,,,
Nandurbar,2000 - 2001,"15,900.00","6,600.00",0.42,0,0,0,0,0,0,,,
Nandurbar,2001 - 2002,"16,600.00","18,100.00",1.09,0,0,0,0,0,0,,,
Nandurbar,2002 - 2003,"16,600.00","11,800.00",0.71,0,0,0,0,0,0,,,
Nandurbar,2003 - 2004,"19,100.00","19,500.00",1.02,0,0,0,0,0,0,,,
Nandurbar,2004 - 2005,"17,100.00","9,700.00",0.57,0,0,0,0,0,0,,,
Nandurbar,2005 - 2006,"13,500.00","10,300.00",0.76,0,0,0,0,0,0,,,
Nandurbar,2006 - 2007,"13,200.00","8,300.00",0.63,0,0,0,0,0,0,,,
Nandurbar,2007 - 2008,"14,700.00","21,100.00",1.44,0,0,0,0,0,0,,,
Nandurbar,2008 - 2009,"15,000.00","21,200.00",1.41,0,0,0,0,0,0,,,
Nandurbar,2009 - 2010,"15,600.00","12,800.00",0.82,0,0,0,0,0,0,,,
Nandurbar,2010 - 2011,"16,200.00","24,100.00",1.49,0,0,0,0,0,0,,,
Nandurbar,2011 - 2012,"12,600.00","15,300.00",1.21,0,0,0,0,0,0,,,
Nandurbar,2012 - 2013,"12,200.00","16,000.00",1.31,0,0,0,0,0,0,,,
Nandurbar,2013 - 2014,"4,500.00","5,400.00",1.2,0,0,0,0,0,0,,,
Nandurbar,2014 - 2015,"6,200.00","3,200.00",0.52,0,0,0,0,0,0,,,
Nandurbar,2015 - 2016,"5,200.00","4,300.00",0.83,0,0,0,0,0,0,,,
Nandurbar,2016 - 2017,"4,600.00","4,800.00",1.04,0,0,0,0,0,0,,,
Nandurbar,2017 - 2018,"4,962.00","3,600.00",0.73,0,0,0,0,0,0,,,
Nandurbar,2018 - 2019,"6,691.00","4,815.00",0.72,0,0,0,0,0,0,,,
Nandurbar,2019 - 2020,"7,454.00","6,160.00",0.83,0,0,0,0,0,0,,,
Nandurbar,2020 - 2021,"7,039.00","9,025.06",1.28,0,0,0,0,0,0,,,
Nandurbar,2021 - 2022,"6,857.85","4,522.60",0.66,0,0,0,0,0,0,,,
Nandurbar,2022 - 2023,"6,327.00","7,348.00",1.16,0,0,0,0,0,0,,,
Nashik,1999 - 2000,"3,60,500.00","2,11,900.00",0.59,20.152,33.628,25.646,16.984,6.07,4.282,,,
Nashik,2000 - 2001,"3,46,500.00","1,86,900.00",0.54,20.476,34.614,26.336,16.45,4.572,3.942,,,
Nashik,2001 - 2002,"3,24,200.00","1,79,900.00",0.55,20.274,33.534,25.656,17.064,5.878,4.034,,,
Nashik,2002 - 2003,"3,20,300.00","2,58,500.00",0.81,20.232,34.474,26.138,16.512,5.364,4.33,,,
Nashik,2003 - 2004,"3,16,800.00","1,96,700.00",0.62,20.608,33.014,25.538,17.348,7.594,4.266,,,
Nashik,2004 - 2005,"3,15,200.00","2,44,500.00",0.78,20.06,32.956,25.548,16.82,6.01,4.102,,,
Nashik,2005 - 2006,"2,82,900.00","2,15,900.00",0.76,20.032,33.17,25.716,17.024,8.634,4.2,,,
Nashik,2006 - 2007,"2,58,500.00","1,87,300.00",0.72,20.352,31.898,25.49,17.414,8.906,4.094,,,
Nashik,2007 - 2008,"2,15,800.00","2,39,500.00",1.11,20.27,32.154,25.48,17.212,7.362,3.788,,,
Nashik,2008 - 2009,"1,97,900.00","1,91,000.00",0.97,19.692,33.214,25.506,16.974,6.524,3.85,,,
Nashik,2009 - 2010,"1,71,900.00","1,29,500.00",0.75,20.41,33.978,26.332,16.794,5.846,4.032,,,
Nashik,2010 - 2011,"1,71,200.00","2,16,300.00",1.26,20.844,32.912,25.956,17.956,8.104,3.602,,,
Nashik,2011 - 2012,"1,65,900.00","1,70,100.00",1.03,20.352,32.986,25.68,17.352,6.494,3.884,,,
Nashik,2012 - 2013,"1,54,800.00","1,24,800.00",0.81,20.472,33.526,26.03,17.17,6.52,4.212,,,
Nashik,2013 - 2014,"1,49,600.00","1,67,500.00",1.12,20.34,32.256,25.01,17.994,9.072,4.132,,,
Nashik,2014 - 2015,"1,52,700.00","1,08,900.00",0.71,20.912,34.882,26.52,16.528,5.82,4.224,,,
Nashik,2015 - 2016,"1,51,200.00","86,600.00",0.57,20.104,34.458,26.208,17.028,6.68,3.87,,,
Nashik,2016 - 2017,"1,56,000.00","2,49,300.00",1.6,20.152,33.236,25.66,17.076,7.574,4.022,,,
Nashik,2017 - 2018,"1,36,500.00","1,99,900.00",1.46,20.59,33.482,26.024,17.534,6.728,3.686,,,
Nashik,2018 - 2019,"91,002.00","57,871.00",0.64,20.368,34.804,26.196,16.402,5.514,4.242,,,
Nashik,2019 - 2020,"97,031.00","98,642.00",1.02,21.416,33.228,26.07,17.68,9.026,4.226,,,
Nashik,2020 - 2021,"97,598.58","1,54,720.81",1.59,20.338,32.448,25.976,18.454,8.162,3.25,,,
Nashik,2021 - 2022,"94,922.71","1,18,984.91",1.25,20.472,32.822,25.814,17.958,7.15,3.758,,,
Nashik,2022 - 2023,"69,662.00","99,532.00",1.43,20.29,32.536,25.504,17.646,9.772,3.862,,,
Osmanabad,1999 - 2000,"19,100.00","8,000.00",0.42,19.818,35.716,26.47,15.492,2.846,5.396,,,
Osmanabad,2000 - 2001,"19,700.00","10,600.00",0.54,19.414,33.394,25.68,16.068,3.662,4.806,,,
Osmanabad,2001 - 2002,"18,500.00","5,500.00",0.3,19.892,34.722,26.284,15.616,3.734,5.41,,,
Osmanabad,2002 - 2003,"20,500.00","8,300.00",0.4,20.29,36.198,26.864,15.632,2.814,5.218,,,
Osmanabad,2003 - 2004,"19,700.00","5,500.00",0.28,20.174,36.658,27.074,15.55,2.832,5.13,,,
Osmanabad,2004 - 2005,"19,200.00","6,600.00",0.34,19.818,34.108,26.108,15.782,2.254,5.22,,,
Osmanabad,2005 - 2006,"20,100.00","8,500.00",0.42,20.514,33.318,25.796,17.112,5.024,4.718,,,
Osmanabad,2006 - 2007,"20,000.00","10,200.00",0.51,20.496,34.034,26.07,16.158,2.842,5.22,,,
Osmanabad,2007 - 2008,"20,600.00","10,200.00",0.5,20.16,33.428,25.59,16.768,6.028,4.654,,,
Osmanabad,2008 - 2009,"17,100.00","7,700.00",0.45,19.55,34.186,26.142,15.988,3.24,4.738,,,
Osmanabad,2009 - 2010,"17,600.00","8,000.00",0.45,20.212,35.078,26.482,16.04,3.452,5.264,,,
Osmanabad,2010 - 2011,"16,600.00","6,700.00",0.4,19.72,34.068,26.152,16.702,4.098,4.67,,,
Osmanabad,2011 - 2012,"16,800.00","9,400.00",0.56,20.654,35.478,26.774,15.5,2.118,5.562,,,
Osmanabad,2012 - 2013,"17,200.00","5,200.00",0.3,20.352,35.648,26.772,15.018,2.512,5.586,,,
Osmanabad,2013 - 2014,"17,700.00","12,000.00",0.68,19.896,33.148,25.78,16.256,3.298,5.444,,,
Osmanabad,2014 - 2015,"17,700.00","4,400.00",0.25,20.012,35.686,27.008,15.86,3.236,5.186,,,
Osmanabad,2015 - 2016,"10,200.00","1,700.00",0.17,20.62,37.07,27.646,15.6,2.388,5.046,,,
Osmanabad,2016 - 2017,"10,400.00","3,300.00",0.32,19.824,34.158,25.754,15.714,3.004,5.03,,,
Osmanabad,2017 - 2018,"9,900.00","4,600.00",0.46,20.136,34.81,26.456,16.398,4.018,4.572,,,
Osmanabad,2018 - 2019,"8,754.00","1,093.00",0.12,20.2,36.114,27.028,14.846,1.818,5.678,,,
Osmanabad,2019 - 2020,"7,677.00","2,337.00",0.3,21.508,35.352,27.038,16.534,3.566,5.326,,,
Osmanabad,2020 - 2021,"7,314.29","3,675.91",0.5,20.596,32.744,25.818,17.218,5.576,4.422,,,
Osmanabad,2021 - 2022,"6,302.77","2,412.70",0.38,19.83,33.552,26.076,16.466,2.866,4.826,,,
Osmanabad,2022 - 2023,232,83,0.36,19.76,33.56,25.842,16.684,4.308,4.518,,,
Parbhani,1999 - 2000,"7,400.00","5,200.00",0.7,19.868,34.298,25.874,16.172,3.072,4.64,,,
Parbhani,2000 - 2001,"9,200.00","6,000.00",0.65,19.83,33.262,25.98,16.708,4.78,4.056,,,
Parbhani,2001 - 2002,"9,600.00","4,300.00",0.45,19.69,34.046,25.856,16.466,4.25,4.472,,,
Parbhani,2002 - 2003,"9,800.00","8,300.00",0.85,19.942,34.978,26.444,16.286,4.076,4.462,,,
Parbhani,2003 - 2004,"9,700.00","7,100.00",0.73,19.832,34.554,26.308,16.68,4.736,4.414,,,
Parbhani,2004 - 2005,"10,500.00","5,900.00",0.56,19.888,34.372,26.244,16.35,3.39,4.446,,,
Parbhani,2005 - 2006,"6,500.00","4,200.00",0.65,20.216,33.868,26.22,17.244,6.502,4.434,,,
Parbhani,2006 - 2007,"6,700.00","3,800.00",0.57,20.364,33.212,25.908,16.786,5.062,4.46,,,
Parbhani,2007 - 2008,"6,300.00","4,300.00",0.68,19.896,33.56,25.814,17.02,5.464,4.164,,,
Parbhani,2008 - 2009,"6,200.00","4,500.00",0.73,19.454,34.438,26,16.4,4.986,4.074,,,
Parbhani,2009 - 2010,"6,500.00","3,400.00",0.52,20.374,34.98,26.804,16.43,4.082,4.478,,,
Parbhani,2010 - 2011,"7,500.00","4,900.00",0.65,19.796,33.156,26.078,17.526,6.068,3.966,,,
Parbhani,2011 - 2012,"5,400.00","5,000.00",0.93,20.47,33.926,26.156,16.506,3.802,4.508,,,
Parbhani,2012 - 2013,"5,600.00","4,000.00",0.71,20.052,34.328,26.226,16.114,4.128,4.51,,,
Parbhani,2013 - 2014,"3,200.00","2,000.00",0.63,19.936,31.866,25.328,17.24,6.034,4.504,,,
Parbhani,2014 - 2015,"4,200.00",400,0.1,20.118,36.202,27.308,15.908,3.306,4.498,,,
Parbhani,2015 - 2016,"4,600.00",800,0.17,20.998,36.702,27.714,15.97,2.694,4.172,,,
Parbhani,2016 - 2017,"2,540.00","1,170.00",0.46,19.912,34.072,26.1,16.45,4.216,4.46,,,
Parbhani,2017 - 2018,"1,350.00",489,0.36,20.258,35.27,26.89,17.044,4.34,3.992,,,
Parbhani,2018 - 2019,456,279,0.61,20.224,35.504,26.672,15.6,2.948,4.656,,,
Parbhani,2019 - 2020,596,279,0.47,21.274,34.632,27.132,17.108,5.22,4.402,,,
Parbhani,2020 - 2021,596.36,374.62,0.63,20.85,33.022,26.212,17.96,6.17,3.752,,,
Parbhani,2021 - 2022,641.32,318.54,0.5,20.002,32.554,25.812,17.63,5.696,3.892,,,
Parbhani,2022 - 2023,84,30,0.36,19.868,34.048,25.9,17.304,6.096,4.004,,,
Pune,1999 - 2000,"1,59,900.00","1,18,100.00",0.74,18.748,31.922,24.26,15.472,3.048,5.106,,,
Pune,2000 - 2001,"1,60,400.00","1,04,600.00",0.65,19.076,32.018,24.55,15.492,3.25,4.578,,,
Pune,2001 - 2002,"1,13,200.00","85,600.00",0.76,19.056,31.86,24.376,15.578,3.488,5.03,,,
Pune,2002 - 2003,"1,23,900.00","86,500.00",0.7,19.126,33.666,24.924,15.224,3.064,5,,,
Pune,2003 - 2004,"97,000.00","67,600.00",0.7,19.31,33.112,24.94,15.48,2.618,5.024,,,
Pune,2004 - 2005,"1,16,800.00","84,800.00",0.73,19.07,31.098,24.142,15.804,3.848,4.902,,,
Pune,2005 - 2006,"1,25,300.00","90,400.00",0.72,19.332,31.774,24.392,16.378,5.558,4.972,,,
Pune,2006 - 2007,"1,28,900.00","81,300.00",0.63,19.606,30.464,24.21,16.41,5.036,4.828,,,
Pune,2007 - 2008,"1,12,700.00","98,200.00",0.87,19.288,31.364,24.46,16.124,4.292,4.586,,,
Pune,2008 - 2009,"34,500.00","27,000.00",0.78,18.74,32.016,24.234,15.572,3.712,4.75,,,
Pune,2009 - 2010,"46,000.00","33,900.00",0.74,19.474,31.9,24.82,15.776,3.798,4.93,,,
Pune,2010 - 2011,"48,600.00","43,000.00",0.88,19.25,31.34,24.598,16.764,4.754,4.38,,,
Pune,2011 - 2012,"50,700.00","40,700.00",0.8,19.32,30.992,24.37,16.09,3.8,4.994,,,
Pune,2012 - 2013,"36,000.00","16,700.00",0.46,18.886,32.63,24.862,15.48,2.976,5.134,,,
Pune,2013 - 2014,"49,800.00","41,600.00",0.84,19.322,31.3,24.148,16.422,4.14,5.042,,,
Pune,2014 - 2015,"31,500.00","26,300.00",0.83,19.538,34.032,25.238,15.354,3.172,4.936,,,
Pune,2015 - 2016,"41,400.00","29,400.00",0.71,19.72,33.832,25.342,15.42,3.05,4.592,,,
Pune,2016 - 2017,"30,400.00","22,200.00",0.73,18.902,31.556,24.168,15.728,4.134,4.816,,,
Pune,2017 - 2018,"32,000.00","23,100.00",0.72,19.338,31.954,24.74,16.218,4.542,4.494,,,
Pune,2018 - 2019,"32,320.00","37,855.00",1.17,19.042,32.308,24.714,14.766,2.198,5.196,,,
Pune,2019 - 2020,"39,670.00","52,135.00",1.31,20.06,32.584,24.97,16.38,4.064,5.032,,,
Pune,2020 - 2021,"42,418.41","70,975.25",1.67,19.65,30.694,24.614,17.376,6.614,3.992,,,
Pune,2021 - 2022,"38,326.07","64,156.45",1.67,19.498,30.774,24.42,16.644,4.496,4.45,,,
Pune,2022 - 2023,"33,942.00","54,931.00",1.62,19.034,31.71,24.298,16.408,5.362,4.552,,,
Sangli,1999 - 2000,"1,02,600.00","56,400.00",0.55,18.854,33.126,24.724,15.654,3.216,5.786,,,
Sangli,2000 - 2001,"1,05,300.00","44,600.00",0.42,19.232,32.764,24.756,15.684,3.644,5.238,,,
Sangli,2001 - 2002,"42,500.00","7,600.00",0.18,19.002,33.122,24.822,15.422,2.746,5.99,,,
Sangli,2002 - 2003,"64,400.00","9,500.00",0.15,19.524,34.458,25.472,15.508,2.62,5.782,,,
Sangli,2003 - 2004,"11,200.00",400,0.04,19.484,35.196,25.692,15.592,2.118,5.68,,,
Sangli,2004 - 2005,"95,600.00","45,900.00",0.48,19.142,32.4,24.698,15.674,2.918,5.762,,,
Sangli,2005 - 2006,"74,200.00","27,500.00",0.37,19.52,32.232,24.674,16.694,5.174,5.452,,,
Sangli,2006 - 2007,"92,700.00","35,000.00",0.38,19.804,31.77,24.626,16.22,3.976,5.814,,,
Sangli,2007 - 2008,"86,700.00","34,400.00",0.4,19.402,32.31,24.716,16.444,5.022,5.418,,,
Sangli,2008 - 2009,"12,500.00",900,0.07,18.806,33.066,24.824,15.73,2.966,5.476,,,
Sangli,2009 - 2010,"54,100.00","18,200.00",0.34,19.444,32.768,25.018,16.07,4.192,5.618,,,
Sangli,2010 - 2011,"74,900.00","62,500.00",0.83,19.2,32.828,25.024,16.452,4.166,5.326,,,
Sangli,2011 - 2012,"26,300.00","6,400.00",0.24,19.416,32.384,24.956,15.926,3.328,6.068,,,
Sangli,2012 - 2013,"22,100.00","4,800.00",0.22,19.362,34.236,25.36,15.238,2.352,6.096,,,
Sangli,2013 - 2014,"24,200.00","7,200.00",0.3,19.55,32.314,24.652,16.136,3.416,6.04,,,
Sangli,2014 - 2015,"69,600.00","53,100.00",0.76,19.34,34.966,25.654,15.942,3.444,5.59,,,
Sangli,2015 - 2016,"33,900.00","8,100.00",0.24,19.95,34.776,25.922,15.714,2.62,5.388,,,
Sangli,2016 - 2017,"66,100.00","47,100.00",0.71,18.926,32.716,24.44,15.692,3.904,5.416,,,
Sangli,2017 - 2018,"58,800.00","8,700.00",0.15,19.37,33.16,25.2,16.332,4.14,5.03,,,
Sangli,2018 - 2019,"33,724.00","7,946.00",0.24,18.782,32.9,24.976,15.556,3.294,5.63,,,
Sangli,2019 - 2020,"55,928.00","19,760.00",0.35,20.396,33.124,25.226,16.846,6.424,5.536,,,
Sangli,2020 - 2021,"60,022.97","59,992.64",1,19.8,31.67,24.756,16.952,6.384,5.018,,,
Sangli,2021 - 2022,"60,096.44","66,247.39",1.1,19.012,31.648,24.73,16.666,4.504,5.122,,,
Sangli,2022 - 2023,"44,597.00","50,007.00",1.12,18.946,32.06,24.54,16.358,5.07,4.968,,,
Satara,1999 - 2000,"91,000.00","84,300.00",0.93,18.732,30.16,23.73,17.208,8.268,5.284,,,
Satara,2000 - 2001,"89,900.00","52,600.00",0.59,19.098,30.674,23.968,17.234,8.136,4.872,,,
Satara,2001 - 2002,"66,100.00","31,000.00",0.47,19.1,30.41,23.832,17.128,7.076,5.49,,,
Satara,2002 - 2003,"89,900.00","36,600.00",0.41,19.26,32.038,24.296,17.15,7.676,5.178,,,
Satara,2003 - 2004,"23,300.00","6,100.00",0.26,19.43,32.11,24.48,17.39,6.966,5.122,,,
Satara,2004 - 2005,"92,900.00","79,000.00",0.85,19.27,30.09,23.748,17.23,8.934,5.342,,,
Satara,2005 - 2006,"72,500.00","23,500.00",0.32,19.582,30.98,24.172,17.786,11.984,5.41,,,
Satara,2006 - 2007,"84,500.00","24,600.00",0.29,19.862,29.428,23.846,17.68,11.62,5.398,,,
Satara,2007 - 2008,"84,100.00","48,500.00",0.58,19.662,30.7,24.198,17.712,12.638,5.308,,,
Satara,2008 - 2009,"6,400.00","3,300.00",0.52,18.948,30.954,23.886,17.248,8.536,5.24,,,
Satara,2009 - 2010,"74,900.00","36,300.00",0.48,19.578,30.754,24.328,17.548,10.278,5.164,,,
Satara,2010 - 2011,"75,600.00","59,200.00",0.78,19.43,30.736,24.308,18.046,12.334,4.9,,,
Satara,2011 - 2012,"25,700.00","16,400.00",0.64,19.352,29.908,23.98,17.648,11.598,5.492,,,
Satara,2012 - 2013,"16,300.00","7,500.00",0.46,19.118,31.218,24.272,17.254,8.9,5.416,,,
Satara,2013 - 2014,"30,200.00","15,600.00",0.52,19.602,30.328,23.838,17.694,10.268,5.514,,,
Satara,2014 - 2015,"55,000.00","22,100.00",0.4,19.564,33.542,24.768,17.414,8.844,5.188,,,
Satara,2015 - 2016,"74,100.00","26,900.00",0.36,19.818,32.83,24.83,17.362,5.668,4.832,,,
Satara,2016 - 2017,"72,100.00","52,800.00",0.73,18.874,30.478,23.676,17.28,12.374,5.124,,,
Satara,2017 - 2018,"67,400.00","34,100.00",0.51,19.368,30.838,24.342,17.896,10.482,4.734,,,
Satara,2018 - 2019,"51,475.00","26,881.00",0.52,19.03,30.82,24.098,17.25,9.396,5.166,,,
Satara,2019 - 2020,"57,299.00","29,615.00",0.52,20.378,31.518,24.612,18.198,15.708,5.146,,,
Satara,2020 - 2021,"64,829.00","57,498.38",0.89,20.016,29.736,24.26,18.368,13.8,4.634,,,
Satara,2021 - 2022,"50,559.00","47,375.23",0.94,19.604,29.608,24.048,17.986,11.728,4.674,,,
Satara,2022 - 2023,"45,453.00","30,513.00",0.67,19.078,30.75,23.964,17.552,11.122,4.852,,,
Solapur,1999 - 2000,"57,200.00","19,300.00",0.34,19.516,35.516,26.12,0,0,0,,,
Solapur,2000 - 2001,"53,300.00","22,100.00",0.41,19.486,34.158,25.69,0,0,0,,,
Solapur,2001 - 2002,"11,800.00","5,400.00",0.46,19.546,34.904,26.042,0,0,0,,,
Solapur,2002 - 2003,"25,100.00","9,500.00",0.38,20.044,35.93,26.63,0,0,0,,,
Solapur,2003 - 2004,"9,700.00","3,700.00",0.38,19.97,36.922,27.018,0,0,0,,,
Solapur,2004 - 2005,"26,200.00","15,000.00",0.57,19.52,33.802,25.744,0,0,0,,,
Solapur,2005 - 2006,"14,800.00","6,700.00",0.45,20.21,33.408,25.632,0,0,0,,,
Solapur,2006 - 2007,"27,500.00","7,700.00",0.28,20.336,33.97,25.848,0,0,0,,,
Solapur,2007 - 2008,"21,500.00","9,100.00",0.42,19.9,33.732,25.614,0,0,0,,,
Solapur,2008 - 2009,"1,800.00",800,0.44,19.388,34.502,25.932,0,0,0,,,
Solapur,2009 - 2010,"14,400.00","5,200.00",0.36,19.974,34.818,26.2,0,0,0,,,
Solapur,2010 - 2011,"18,400.00","9,600.00",0.52,19.614,34.256,26.048,0,0,0,,,
Solapur,2011 - 2012,"9,900.00","3,900.00",0.39,20.234,35.014,26.344,0,0,0,,,
Solapur,2012 - 2013,"6,300.00",200,0.03,20.12,35.976,26.67,0,0,0,,,
Solapur,2013 - 2014,"6,300.00","2,200.00",0.35,19.822,33.694,25.706,0,0,0,,,
Solapur,2014 - 2015,"5,500.00","2,200.00",0.4,19.804,36.068,26.868,0,0,0,,,
Solapur,2015 - 2016,"14,800.00","3,400.00",0.23,20.408,36.414,27.242,0,0,0,,,
Solapur,2016 - 2017,"26,900.00","9,400.00",0.35,19.506,34.428,25.586,0,0,0,,,
Solapur,2017 - 2018,"28,600.00","9,740.00",0.34,19.818,35.062,26.302,0,0,0,,,
Solapur,2018 - 2019,"23,793.00","3,203.00",0.13,19.53,35.418,26.424,0,0,0,,,
Solapur,2019 - 2020,"49,811.00","11,528.00",0.23,21.208,35.298,26.57,0,0,0,,,
Solapur,2020 - 2021,"55,313.76","27,225.22",0.49,20.328,33.036,25.706,0,0,0,,,
Solapur,2021 - 2022,"57,132.06","23,218.19",0.41,19.484,33.57,25.812,0,0,0,,,
Solapur,2022 - 2023,"49,448.00","20,712.00",0.42,19.414,33.356,25.574,0,0,0,,,
Wardha,1999 - 2000,100,100,1,20.264,34.168,26.32,17.378,5.44,3.862,,,
Washim,1999 - 2000,"2,700.00","1,400.00",0.52,20.332,34.222,26.214,0,0,0,,,
Washim,2000 - 2001,"2,500.00","1,500.00",0.6,20.402,34.118,26.628,0,0,0,,,
Washim,2001 - 2002,"2,300.00",800,0.35,20.208,34.796,26.394,0,0,0,,,
Washim,2002 - 2003,"2,400.00","1,500.00",0.63,20.38,34.936,26.88,0,0,0,,,
Washim,2003 - 2004,"2,000.00",900,0.45,20.428,34.222,26.61,0,0,0,,,
Washim,2004 - 2005,"1,600.00",700,0.44,20.558,35.06,26.882,0,0,0,,,
Washim,2005 - 2006,"1,400.00",700,0.5,20.474,34.466,26.798,0,0,0,,,
Washim,2006 - 2007,"1,600.00",900,0.56,20.83,33.866,26.528,0,0,0,,,
Washim,2007 - 2008,900,500,0.56,20.322,33.85,26.266,0,0,0,,,
Washim,2008 - 2009,400,200,0.5,19.93,34.362,26.306,0,0,0,,,
Washim,2009 - 2010,400,300,0.75,20.796,34.97,27.3,0,0,0,,,
Washim,2010 - 2011,500,200,0.4,20.416,33.744,26.704,0,0,0,,,
Washim,2011 - 2012,300,200,0.67,20.978,34.494,26.708,0,0,0,,,
Washim,2012 - 2013,300,200,0.67,20.498,34.54,26.546,0,0,0,,,
Washim,2013 - 2014,400,300,0.75,20.512,32.522,25.734,0,0,0,,,
Washim,2014 - 2015,200,,0,20.94,36.87,27.818,0,0,0,,,
Washim,2015 - 2016,300,0,0,21.27,36.488,27.906,0,0,0,,,
Washim,2016 - 2017,300,100,0.33,20.378,34.09,26.454,0,0,0,,,
Washim,2017 - 2018,200,100,0.5,20.874,35.064,27.158,0,0,0,,,
Washim,2018 - 2019,325,48,0.15,20.462,34.872,26.622,0,0,0,,,
Washim,2019 - 2020,361,82,0.23,21.86,34.868,27.536,0,0,0,,,
Washim,2020 - 2021,164.48,77.65,0.47,21.086,33.206,26.592,0,0,0,,,
Washim,2021 - 2022,2,0.72,0.36,20.47,32.94,26.236,0,0,0,,,
Yavatmal,1999 - 2000,"8,600.00","4,400.00",0.51,20.854,34.57,26.722,0,0,0,,,
Yavatmal,2000 - 2001,"9,200.00","5,800.00",0.63,20.93,34.632,27.086,0,0,0,,,
Yavatmal,2001 - 2002,"7,400.00","2,700.00",0.36,20.842,35.45,27.034,0,0,0,,,
Yavatmal,2002 - 2003,"5,600.00","3,500.00",0.63,20.948,35.148,27.358,0,0,0,,,
Yavatmal,2003 - 2004,"5,000.00","2,200.00",0.44,21.274,34.588,27.156,0,0,0,,,
Yavatmal,2004 - 2005,"3,600.00","1,600.00",0.44,21.188,35.132,27.352,0,0,0,,,
Yavatmal,2005 - 2006,"3,000.00","1,500.00",0.5,21.16,34.78,27.288,0,0,0,,,
Yavatmal,2006 - 2007,800,400,0.5,21.332,34.442,27.144,0,0,0,,,
Yavatmal,2007 - 2008,700,400,0.57,21.052,34.19,26.77,0,0,0,,,
Yavatmal,2008 - 2009,"1,500.00",800,0.53,20.44,34.47,26.704,0,0,0,,,
Yavatmal,2009 - 2010,"1,500.00","1,100.00",0.73,21.428,35.294,27.704,0,0,0,,,
Yavatmal,2010 - 2011,"1,300.00",700,0.54,20.822,34.404,27.286,0,0,0,,,
Yavatmal,2011 - 2012,400,300,0.75,21.576,35.174,27.344,0,0,0,,,
Yavatmal,2012 - 2013,300,300,1,20.824,34.946,26.958,0,0,0,,,
Yavatmal,2013 - 2014,100,100,1,20.99,32.65,26.21,0,0,0,,,
Yavatmal,2014 - 2015,200,,0,21.394,37.322,28.266,0,0,0,,,
Yavatmal,2015 - 2016,200,0,0,21.67,36.52,28.242,0,0,0,,,
Yavatmal,2016 - 2017,100,44,0.44,20.946,34.242,26.71,0,0,0,,,
Yavatmal,2017 - 2018,37,16,0.43,21.32,34.726,27.286,0,0,0,,,
Yavatmal,2018 - 2019,78,11,0.14,20.87,34.69,26.884,0,0,0,,,
Yavatmal,2019 - 2020,58,13,0.22,22.508,35.206,27.968,0,0,0,,,
Yavatmal,2020 - 2021,58.08,27.42,0.47,21.626,33.252,26.904,0,0,0,,,
Yavatmal,2021 - 2022,58.08,21.03,0.36,21.24,33.068,26.646,0,0,0,,,
Yavatmal,2022 - 2023,40,14,0.35,20.696,34.486,26.826,0,0,0,,,
