District,Year,Area (Hectare),Production (Bales),Yield (Bales/Hectare),MIN_TEMP,MAX_TEMP,AVG_TEMP,HUMIDITY,PRECIPITATION,WIND_SPEED,,,
Ahmednagar,1999 - 2000,"15,000.00","22,600.00",1.51,9.504,22.268,15.502,6.506,0.933,2.128,,,
Ahmednagar,2000 - 2001,"15,700.00","25,600.00",1.63,10.264,22.331,15.942,6.059,0.673,1.995,,,
Ahmednagar,2001 - 2002,"13,500.00","16,700.00",1.24,9.62,22.123,15.655,6.995,1.02,2.105,,,
Ahmednagar,2002 - 2003,"10,800.00","8,300.00",0.77,10.279,23.12,16.437,6.312,0.959,2.028,,,
Ahmednagar,2003 - 2004,"10,400.00","10,400.00",1,9.975,23,16.343,6.558,0.767,2.169,,,
Ahmednagar,2004 - 2005,"15,900.00","26,700.00",1.68,9.734,21.736,15.503,6.828,0.666,2.118,,,
Ahmednagar,2005 - 2006,"16,600.00","22,800.00",1.37,9.414,21.513,15.161,6.744,1.029,1.946,,,
Ahmednagar,2006 - 2007,"20,600.00","36,500.00",1.77,10.069,20.993,15.519,7.576,1.014,1.742,,,
Ahmednagar,2007 - 2008,"40,000.00","82,100.00",2.05,9.894,21.982,15.728,6.729,0.768,1.915,,,
Ahmednagar,2008 - 2009,"59,300.00","93,300.00",1.57,9.43,21.988,15.687,6.774,0.588,1.992,,,
Ahmednagar,2009 - 2010,"82,700.00","1,25,100.00",1.51,9.654,21.858,15.814,6.762,1.035,1.982,,,
Ahmednagar,2010 - 2011,"1,01,700.00","2,21,100.00",2.17,10.117,21.627,15.934,7.559,0.917,1.982,,,
Ahmednagar,2011 - 2012,"1,12,000.00","2,38,100.00",2.13,9.749,21.635,15.755,6.777,0.53,2.056,,,
Ahmednagar,2012 - 2013,"96,200.00","88,100.00",0.92,9.768,22.278,16.183,6.725,0.689,2.019,,,
Ahmednagar,2013 - 2014,"1,04,700.00","2,22,400.00",2.12,9.847,21.482,15.51,7.515,1.433,2.064,,,
Ahmednagar,2014 - 2015,"1,02,600.00","96,700.00",0.94,9.871,22.33,16.104,6.543,0.58,1.916,,,
Ahmednagar,2015 - 2016,"73,600.00","39,000.00",0.53,10.231,22.764,16.297,6.837,0.856,2.027,,,
Ahmednagar,2016 - 2017,"1,32,400.00","1,39,400.00",1.05,9.931,22.233,15.704,6.681,0.885,1.941,,,
Ahmednagar,2017 - 2018,"1,32,800.00","2,20,600.00",1.66,9.929,21.839,15.767,6.517,0.928,1.917,,,
Ahmednagar,2018 - 2019,"1,29,932.00","48,381.00",0.37,10.072,22.796,16.528,6.4,0.722,1.892,,,
Ahmednagar,2019 - 2020,"1,59,250.00","1,46,932.00",0.92,10.227,21.997,16.126,7.19,0.752,1.884,,,
Ahmednagar,2020 - 2021,"1,72,800.00","3,99,500.00",2.31,9.847,20.956,15.756,7.541,1.136,1.774,,,
Ahmednagar,2021 - 2022,"1,62,600.00","2,77,400.00",1.71,10.05,20.825,15.457,8.04,1.159,1.835,,,
Ahmednagar,2022 - 2023,"1,31,229.17","2,55,061.86",1.94,9.784,21.579,15.661,7.361,0.867,1.805,,,
Akola,1999 - 2000,"2,39,600.00","2,34,100.00",0.98,9.727,22.174,15.909,0,0,0,,,
Akola,2000 - 2001,"2,27,800.00","1,55,500.00",0.68,10.695,23.382,16.855,0,0,0,,,
Akola,2001 - 2002,"2,31,400.00","1,94,900.00",0.84,9.901,22.807,16.225,0,0,0,,,
Akola,2002 - 2003,"2,22,900.00","2,24,600.00",1.01,10.412,23.636,17.043,0,0,0,,,
Akola,2003 - 2004,"2,17,700.00","1,99,000.00",0.91,10.229,22.882,16.394,0,0,0,,,
Akola,2004 - 2005,"2,07,600.00","1,37,800.00",0.66,10.423,23.051,16.596,0,0,0,,,
Akola,2005 - 2006,"2,04,400.00","1,41,400.00",0.69,9.767,22.548,16.229,0,0,0,,,
Akola,2006 - 2007,"2,04,900.00","4,40,200.00",2.15,10.686,22.187,16.403,0,0,0,,,
Akola,2007 - 2008,"1,88,600.00","3,70,700.00",1.97,10.503,22.834,16.416,0,0,0,,,
Akola,2008 - 2009,"1,68,300.00","2,89,000.00",1.72,10.299,23.061,16.527,0,0,0,,,
Akola,2009 - 2010,"1,63,300.00","2,77,100.00",1.7,10.238,22.906,16.623,0,0,0,,,
Akola,2010 - 2011,"1,67,800.00","2,68,900.00",1.6,10.65,22.543,16.737,0,0,0,,,
Akola,2011 - 2012,"1,69,400.00","2,59,300.00",1.53,10.632,22.756,16.438,0,0,0,,,
Akola,2012 - 2013,"1,69,400.00","3,24,000.00",1.91,10.24,22.71,16.514,0,0,0,,,
Akola,2013 - 2014,"1,47,300.00","3,43,600.00",2.33,10.487,22.396,16.061,0,0,0,,,
Akola,2014 - 2015,"1,47,000.00","1,22,600.00",0.83,10.667,23.458,16.992,0,0,0,,,
Akola,2015 - 2016,"1,42,900.00","1,94,900.00",1.36,10.567,23.542,16.845,0,0,0,,,
Akola,2016 - 2017,"1,55,100.00","4,42,700.00",2.85,10.461,22.969,16.411,0,0,0,,,
Akola,2017 - 2018,"1,64,550.00","2,40,400.00",1.46,10.442,22.659,16.572,0,0,0,,,
Akola,2018 - 2019,"1,68,836.00","4,19,575.00",2.49,10.407,23.387,16.871,0,0,0,,,
Akola,2019 - 2020,"1,54,440.00","3,80,667.00",2.46,10.373,22.309,16.629,0,0,0,,,
Akola,2020 - 2021,"1,59,100.00","3,35,500.00",2.11,10.167,21.866,16.202,0,0,0,,,
Akola,2021 - 2022,"1,53,000.00","3,05,600.00",2,9.801,21.24,15.771,0,0,0,,,
Akola,2022 - 2023,"1,49,868.87","3,62,488.72",2.42,10.177,22.484,16.357,0,0,0,,,
Amravati,1999 - 2000,"3,26,000.00","2,49,600.00",0.77,9.774,22.251,16.024,6.28,1.068,2.191,,,
Amravati,2000 - 2001,"3,09,100.00","1,49,700.00",0.48,10.784,23.457,16.9,5.462,0.614,2.089,,,
Amravati,2001 - 2002,"3,24,600.00","2,27,200.00",0.7,9.89,22.66,16.158,6.633,1.258,2.119,,,
Amravati,2002 - 2003,"2,79,000.00","2,43,700.00",0.87,10.546,23.574,17.068,5.909,1.098,2.149,,,
Amravati,2003 - 2004,"2,66,600.00","2,72,300.00",1.02,10.35,22.873,16.458,6.429,0.885,2.273,,,
Amravati,2004 - 2005,"2,68,200.00","2,14,300.00",0.8,10.547,23.15,16.663,6.261,0.622,2.189,,,
Amravati,2005 - 2006,"2,56,400.00","2,22,900.00",0.87,9.801,22.471,16.234,6.039,0.686,2.12,,,
Amravati,2006 - 2007,"2,41,800.00","2,15,200.00",0.89,10.77,22.299,16.483,7.192,0.835,1.888,,,
Amravati,2007 - 2008,"1,75,400.00","3,53,100.00",2.01,10.553,22.782,16.469,6.257,0.628,2.024,,,
Amravati,2008 - 2009,"1,16,100.00","1,85,000.00",1.59,10.29,22.941,16.472,6.232,0.535,2.124,,,
Amravati,2009 - 2010,"1,79,400.00","3,09,200.00",1.72,10.384,22.893,16.747,6.299,1.128,2.179,,,
Amravati,2010 - 2011,"2,04,300.00","3,36,200.00",1.65,10.754,22.519,16.817,7.17,0.866,2.196,,,
Amravati,2011 - 2012,"1,87,400.00","2,70,200.00",1.44,10.644,22.63,16.378,6.634,0.569,2.102,,,
Amravati,2012 - 2013,"1,91,300.00","6,11,500.00",3.2,10.248,22.685,16.556,6.514,0.65,2.207,,,
Amravati,2013 - 2014,"1,86,700.00","6,33,200.00",3.39,10.72,22.424,16.163,7.082,1.481,2.161,,,
Amravati,2014 - 2015,"1,96,500.00","1,96,200.00",1,10.784,23.496,17.039,5.966,0.341,2.059,,,
Amravati,2015 - 2016,"2,00,000.00","4,17,000.00",2.09,10.682,23.483,16.825,6.575,1.085,2.116,,,
Amravati,2016 - 2017,"2,00,300.00","8,04,000.00",4.01,10.444,22.891,16.518,6.318,0.823,2.024,,,
Amravati,2017 - 2018,"2,07,457.00","3,80,300.00",1.83,10.544,22.753,16.738,6.109,0.742,2.101,,,
Amravati,2018 - 2019,"2,09,583.00","6,26,027.00",2.99,10.501,23.366,16.935,5.905,0.923,1.9,,,
Amravati,2019 - 2020,"2,76,078.00","4,60,287.00",1.67,10.405,22.403,16.738,6.785,0.633,2.068,,,
Amravati,2020 - 2021,"2,76,100.00","7,40,400.00",2.68,10.028,21.772,16.138,7.083,0.827,1.877,,,
Amravati,2021 - 2022,"2,75,800.00","6,18,900.00",2.24,9.743,21.32,15.812,7.561,1.237,1.894,,,
Amravati,2022 - 2023,"2,72,890.17","3,87,477.41",1.42,10.367,22.517,16.457,6.837,0.897,1.936,,,
Aurangabad,1999 - 2000,"1,59,500.00","1,13,200.00",0.71,10.819,22.344,16.348,7.808,0.819,2.524,,,
Aurangabad,2000 - 2001,"1,32,400.00","55,200.00",0.42,11.477,22.351,16.623,8.045,1.074,2.344,,,
Aurangabad,2001 - 2002,"1,41,300.00","91,500.00",0.65,11.205,22.165,16.412,8.446,1.378,2.559,,,
Aurangabad,2002 - 2003,"1,35,500.00","75,500.00",0.56,11.567,23.149,17.069,8.175,1.333,2.415,,,
Aurangabad,2003 - 2004,"1,68,000.00","1,43,700.00",0.86,11.381,22.948,16.927,7.943,0.865,2.558,,,
Aurangabad,2004 - 2005,"2,09,500.00","2,63,200.00",1.26,11.332,22.042,16.372,8.537,1.185,2.494,,,
Aurangabad,2005 - 2006,"2,50,100.00","3,22,700.00",1.29,11.172,21.754,16.171,8.565,1.644,2.385,,,
Aurangabad,2006 - 2007,"2,82,100.00","4,86,300.00",1.72,11.517,21.448,16.284,8.803,1.901,2.184,,,
Aurangabad,2007 - 2008,"3,06,100.00","6,89,800.00",2.25,11.173,22.144,16.4,8.254,1.288,2.363,,,
Aurangabad,2008 - 2009,"2,51,700.00","4,03,500.00",1.6,11.096,22.098,16.581,8.183,0.915,2.454,,,
Aurangabad,2009 - 2010,"2,81,400.00","5,10,600.00",1.81,11.142,22.434,16.675,8.507,1.273,2.389,,,
Aurangabad,2010 - 2011,"3,32,900.00","8,79,200.00",2.64,11.681,21.923,16.628,9.072,1.783,2.444,,,
Aurangabad,2011 - 2012,"3,79,300.00","6,96,500.00",1.84,11.445,22.38,16.77,8.146,0.812,2.525,,,
Aurangabad,2012 - 2013,"3,79,300.00","3,78,400.00",1,11.167,22.37,16.706,8.127,1.193,2.469,,,
Aurangabad,2013 - 2014,"4,22,600.00","10,36,100.00",2.45,11.27,21.5,16.197,8.634,1.336,2.565,,,
Aurangabad,2014 - 2015,"4,22,600.00","2,44,300.00",0.58,11.411,22.629,16.917,8.206,1.058,2.288,,,
Aurangabad,2015 - 2016,"4,58,000.00","2,71,300.00",0.59,11.639,22.944,16.997,8.355,1.103,2.45,,,
Aurangabad,2016 - 2017,"5,06,500.00","9,92,300.00",1.96,11.196,22.448,16.449,8.091,0.966,2.438,,,
Aurangabad,2017 - 2018,"5,21,353.00","4,15,200.00",0.8,11.379,22.23,16.565,8.2,0.943,2.279,,,
Aurangabad,2018 - 2019,"3,85,441.00","3,74,332.00",0.97,11.348,22.748,16.991,8.066,0.721,2.365,,,
Aurangabad,2019 - 2020,"4,34,491.00","6,11,894.00",1.41,11.916,22.033,16.853,8.736,1.15,2.358,,,
Aurangabad,2020 - 2021,"4,54,600.00","8,40,100.00",1.85,11.371,21.396,16.444,8.971,1.745,2.288,,,
Aurangabad,2021 - 2022,"4,54,600.00","4,98,700.00",1.1,11.351,21.04,16.22,9.295,1.468,2.301,,,
Aurangabad,2022 - 2023,"4,00,404.99","4,52,630.51",1.13,11.291,21.905,16.44,8.968,1.413,2.28,,,
Beed,1999 - 2000,"1,11,200.00","87,200.00",0.78,10.48,22.62,16.271,7.591,0.682,2.534,,,
Beed,2000 - 2001,"82,900.00","68,900.00",0.83,11.055,22.146,16.307,7.49,0.938,2.467,,,
Beed,2001 - 2002,"1,08,000.00","79,800.00",0.74,10.939,22.013,16.184,7.863,0.796,2.613,,,
Beed,2002 - 2003,"78,800.00","55,700.00",0.71,11.28,22.927,16.674,7.6,0.923,2.412,,,
Beed,2003 - 2004,"94,900.00","59,700.00",0.63,11.016,22.806,16.772,7.323,0.7,2.511,,,
Beed,2004 - 2005,"1,01,500.00","1,16,600.00",1.15,10.845,21.792,16.013,7.887,0.851,2.538,,,
Beed,2005 - 2006,"1,38,600.00","1,61,400.00",1.16,10.823,21.398,15.789,8.36,1.356,2.124,,,
Beed,2006 - 2007,"1,55,400.00","2,11,400.00",1.36,11.357,21.324,16.038,8.122,1.212,2.306,,,
Beed,2007 - 2008,"1,88,200.00","2,88,800.00",1.53,10.942,21.935,16.118,7.968,1.455,2.302,,,
Beed,2008 - 2009,"2,05,200.00","2,08,400.00",1.02,10.644,21.801,16.186,7.745,0.828,2.495,,,
Beed,2009 - 2010,"2,22,800.00","2,99,600.00",1.34,10.927,22.032,16.42,8.132,1.032,2.368,,,
Beed,2010 - 2011,"2,76,800.00","4,22,200.00",1.53,11.329,21.925,16.527,8.412,0.925,2.336,,,
Beed,2011 - 2012,"3,29,000.00","4,18,900.00",1.27,11.372,22.344,16.683,7.575,0.586,2.586,,,
Beed,2012 - 2013,"3,29,000.00","3,41,000.00",1.04,11.036,22.492,16.727,7.63,0.768,2.573,,,
Beed,2013 - 2014,"3,38,600.00","5,46,400.00",1.61,11.02,21.227,15.999,7.875,0.821,2.609,,,
Beed,2014 - 2015,"3,73,300.00","1,67,600.00",0.45,11.136,22.497,16.643,7.78,0.825,2.246,,,
Beed,2015 - 2016,"3,34,100.00","1,01,000.00",0.3,11.397,23.077,16.91,7.99,0.705,2.45,,,
Beed,2016 - 2017,"3,41,400.00","4,76,940.00",1.4,10.903,22.352,16.307,6.982,0.697,2.272,,,
Beed,2017 - 2018,"3,48,509.00","2,77,800.00",0.8,11.082,22.32,16.484,7.638,0.919,2.21,,,
Beed,2018 - 2019,"3,77,515.00","1,35,247.00",0.36,11.058,22.999,16.944,7.212,0.459,2.288,,,
Beed,2019 - 2020,"3,84,957.00","3,76,379.00",0.98,11.936,22.142,16.869,8.154,0.814,2.297,,,
Beed,2020 - 2021,"3,75,800.00","8,57,000.00",2.28,11.17,21.24,16.231,8.545,1.155,2.249,,,
Beed,2021 - 2022,"3,13,450.00","4,38,900.00",1.4,11.13,21.014,16.051,8.677,1.332,2.224,,,
Beed,2022 - 2023,"2,73,118.00","4,75,708.51",1.74,10.97,21.948,16.21,8.532,1.125,2.185,,,
Bhandara,2017 - 2018,38,100,2.63,10.75,23.068,16.906,0,0,0,,,
Bhandara,2018 - 2019,4,10,2.5,10.506,23.049,16.774,0,0,0,,,
Bhandara,2019 - 2020,107,287,2.68,10.858,22.525,16.945,0,0,0,,,
Bhandara,2020 - 2021,500,"1,400.00",2.8,9.837,21.782,16.069,0,0,0,,,
Bhandara,2021 - 2022,400,"1,200.00",3,9.868,21.86,16.037,0,0,0,,,
Bhandara,2022 - 2023,439.06,"1,176.51",2.68,10.831,22.712,16.694,0,0,0,,,
Buldhana,1999 - 2000,"2,58,000.00","2,63,500.00",1.02,9.721,22.37,15.946,6.113,1.066,2.314,,,
Buldhana,2000 - 2001,"2,19,800.00","89,200.00",0.41,10.557,23.358,16.898,5.477,0.776,2.212,,,
Buldhana,2001 - 2002,"2,20,100.00","1,97,800.00",0.9,9.997,23.025,16.409,6.267,0.975,2.254,,,
Buldhana,2002 - 2003,"1,68,300.00","1,94,700.00",1.16,10.463,23.791,17.177,5.705,0.872,2.277,,,
Buldhana,2003 - 2004,"1,83,100.00","2,54,900.00",1.39,10.293,23.162,16.565,6.051,0.788,2.417,,,
Buldhana,2004 - 2005,"1,98,700.00","1,49,300.00",0.75,10.365,22.907,16.582,6.343,0.596,2.242,,,
Buldhana,2005 - 2006,"1,97,500.00","2,27,400.00",1.15,9.769,22.561,16.239,5.996,0.591,2.149,,,
Buldhana,2006 - 2007,"2,34,400.00","2,94,400.00",1.26,10.734,21.939,16.38,7.039,1.12,1.915,,,
Buldhana,2007 - 2008,"2,49,200.00","5,54,900.00",2.23,10.454,22.794,16.413,6.235,0.602,2.104,,,
Buldhana,2008 - 2009,"2,47,600.00","4,22,400.00",1.71,10.241,23.231,16.692,6.088,0.302,2.234,,,
Buldhana,2009 - 2010,"2,39,400.00","3,74,600.00",1.56,10.161,23,16.632,6.335,1.001,2.219,,,
Buldhana,2010 - 2011,"2,51,500.00","4,36,100.00",1.73,10.722,22.516,16.758,7.221,0.957,2.198,,,
Buldhana,2011 - 2012,"2,56,900.00","3,21,700.00",1.25,10.638,22.754,16.525,6.424,0.589,2.163,,,
Buldhana,2012 - 2013,"2,53,900.00","3,46,100.00",1.36,10.233,22.779,16.584,6.245,0.71,2.273,,,
Buldhana,2013 - 2014,"2,27,900.00","6,39,600.00",2.81,10.404,22.129,16.04,7.009,1.313,2.262,,,
Buldhana,2014 - 2015,"1,74,300.00","1,32,500.00",0.76,10.566,23.472,17.02,5.924,0.417,2.142,,,
Buldhana,2015 - 2016,"1,70,700.00","1,65,800.00",0.97,10.522,23.613,16.986,6.3,0.914,2.132,,,
Buldhana,2016 - 2017,"1,69,550.00","5,16,600.00",3.05,10.438,22.959,16.355,6.101,0.759,2.095,,,
Buldhana,2017 - 2018,"1,74,539.00","1,80,900.00",1.04,10.349,22.536,16.5,6.217,0.886,2.102,,,
Buldhana,2018 - 2019,"1,77,928.00","3,08,970.00",1.74,10.314,23.526,16.919,5.556,0.731,2.092,,,
Buldhana,2019 - 2020,"1,96,553.00","1,57,132.00",0.8,10.507,22.309,16.636,6.918,0.943,2.172,,,
Buldhana,2020 - 2021,"2,03,500.00","4,75,100.00",2.33,10.33,21.754,16.283,7.103,1.063,1.904,,,
Buldhana,2021 - 2022,"2,03,800.00","5,47,300.00",2.69,10.013,21.237,15.869,7.518,1.173,1.958,,,
Buldhana,2022 - 2023,"2,12,220.31","5,42,517.73",2.56,10.181,22.443,16.322,6.759,1.122,2.047,,,
Chandrapur,1999 - 2000,"54,600.00","61,200.00",1.12,10.46,22.903,16.422,0,0,0,,,
Chandrapur,2000 - 2001,"55,400.00","36,400.00",0.66,11.054,23.128,16.878,0,0,0,,,
Chandrapur,2001 - 2002,"61,500.00","43,300.00",0.7,10.882,22.726,16.503,0,0,0,,,
Chandrapur,2002 - 2003,"56,100.00","42,600.00",0.76,11.564,23.515,17.32,0,0,0,,,
Chandrapur,2003 - 2004,"51,800.00","64,100.00",1.24,11.233,23.104,16.983,0,0,0,,,
Chandrapur,2004 - 2005,"49,900.00","48,400.00",0.97,11.207,22.783,16.628,0,0,0,,,
Chandrapur,2005 - 2006,"48,600.00","48,800.00",1,11.088,22.421,16.489,0,0,0,,,
Chandrapur,2006 - 2007,"47,400.00","86,300.00",1.82,11.355,22.27,16.539,0,0,0,,,
Chandrapur,2007 - 2008,"50,000.00","1,04,200.00",2.08,11.132,22.817,16.657,0,0,0,,,
Chandrapur,2008 - 2009,"48,800.00","81,400.00",1.67,10.746,22.751,16.635,0,0,0,,,
Chandrapur,2009 - 2010,"54,200.00","77,500.00",1.43,11.164,23.258,17.042,0,0,0,,,
Chandrapur,2010 - 2011,"93,300.00","1,26,300.00",1.35,11.409,22.816,17.1,0,0,0,,,
Chandrapur,2011 - 2012,"1,00,000.00","1,58,900.00",1.59,11.292,22.87,16.869,0,0,0,,,
Chandrapur,2012 - 2013,"1,07,700.00","2,69,900.00",2.51,10.813,23.128,16.884,0,0,0,,,
Chandrapur,2013 - 2014,"1,07,100.00","2,02,300.00",1.89,11,21.812,16.297,0,0,0,,,
Chandrapur,2014 - 2015,"1,23,700.00","1,43,900.00",1.16,11.002,23.078,16.922,0,0,0,,,
Chandrapur,2015 - 2016,"1,56,900.00","2,03,200.00",1.3,11.541,23.463,17.15,0,0,0,,,
Chandrapur,2016 - 2017,"1,62,800.00","5,49,300.00",3.37,11.024,22.702,16.512,0,0,0,,,
Chandrapur,2017 - 2018,"1,65,040.00","3,25,200.00",1.97,10.909,22.733,16.653,0,0,0,,,
Chandrapur,2018 - 2019,"1,53,291.00","3,22,452.00",2.1,10.835,23.026,16.817,0,0,0,,,
Chandrapur,2019 - 2020,"1,54,660.00","3,71,371.00",2.4,11.971,22.502,17.143,0,0,0,,,
Chandrapur,2020 - 2021,"1,54,900.00","3,78,400.00",2.44,11.228,21.887,16.479,0,0,0,,,
Chandrapur,2021 - 2022,"1,53,700.00","3,51,200.00",2.28,11.127,21.738,16.388,0,0,0,,,
Chandrapur,2022 - 2023,"1,52,447.55","4,42,486.06",2.9,11.223,22.854,16.828,0,0,0,,,
Dhule,1999 - 2000,"67,100.00","45,900.00",0.68,0,0,0,0,0,0,,,
Dhule,2000 - 2001,"65,900.00","32,900.00",0.5,0,0,0,0,0,0,,,
Dhule,2001 - 2002,"66,800.00","48,700.00",0.73,0,0,0,0,0,0,,,
Dhule,2002 - 2003,"66,400.00","35,800.00",0.54,0,0,0,0,0,0,,,
Dhule,2003 - 2004,"66,500.00","90,300.00",1.36,0,0,0,0,0,0,,,
Dhule,2004 - 2005,"71,800.00","88,300.00",1.23,0,0,0,0,0,0,,,
Dhule,2005 - 2006,"73,300.00","74,900.00",1.02,0,0,0,0,0,0,,,
Dhule,2006 - 2007,"83,500.00","1,24,000.00",1.49,0,0,0,0,0,0,,,
Dhule,2007 - 2008,"1,15,100.00","2,52,300.00",2.19,0,0,0,0,0,0,,,
Dhule,2008 - 2009,"1,10,700.00","73,100.00",0.66,0,0,0,0,0,0,,,
Dhule,2009 - 2010,"1,29,300.00","1,97,700.00",1.53,0,0,0,0,0,0,,,
Dhule,2010 - 2011,"1,33,100.00","3,35,900.00",2.52,0,0,0,0,0,0,,,
Dhule,2011 - 2012,"1,56,200.00","2,70,100.00",1.73,0,0,0,0,0,0,,,
Dhule,2012 - 2013,"1,60,500.00","2,60,200.00",1.62,0,0,0,0,0,0,,,
Dhule,2013 - 2014,"1,73,200.00","4,32,700.00",2.5,0,0,0,0,0,0,,,
Dhule,2014 - 2015,"2,09,900.00","2,58,200.00",1.23,0,0,0,0,0,0,,,
Dhule,2015 - 2016,"2,28,100.00","2,32,600.00",1.02,0,0,0,0,0,0,,,
Dhule,2016 - 2017,"1,96,100.00","3,45,600.00",1.76,0,0,0,0,0,0,,,
Dhule,2017 - 2018,"2,00,400.00","3,79,400.00",1.89,0,0,0,0,0,0,,,
Dhule,2018 - 2019,"2,17,874.00","2,10,521.00",0.97,0,0,0,0,0,0,,,
Dhule,2019 - 2020,"2,39,542.00","1,92,984.00",0.81,0,0,0,0,0,0,,,
Dhule,2020 - 2021,"2,39,100.00","5,01,400.00",2.1,0,0,0,0,0,0,,,
Dhule,2021 - 2022,"2,50,600.00","2,95,900.00",1.18,0,0,0,0,0,0,,,
Dhule,2022 - 2023,"2,58,513.52","5,45,985.20",2.11,0,0,0,0,0,0,,,
Gadchiroli,2002 - 2003,400,400,1,10.794,23.084,16.641,0,0,0,,,
Gadchiroli,2003 - 2004,100,100,1,10.59,22.639,16.341,0,0,0,,,
Gadchiroli,2004 - 2005,100,100,1,10.488,22.269,15.926,0,0,0,,,
Gadchiroli,2005 - 2006,100,100,1,10.25,22.083,15.89,0,0,0,,,
Gadchiroli,2006 - 2007,200,300,1.5,10.821,21.971,16.033,0,0,0,,,
Gadchiroli,2007 - 2008,500,900,1.8,10.577,22.462,16.077,0,0,0,,,
Gadchiroli,2008 - 2009,600,800,1.33,10.159,22.402,16.003,0,0,0,,,
Gadchiroli,2009 - 2010,"2,600.00","3,500.00",1.35,10.548,22.761,16.449,0,0,0,,,
Gadchiroli,2010 - 2011,"2,800.00","4,300.00",1.54,10.723,22.464,16.507,0,0,0,,,
Gadchiroli,2011 - 2012,"4,200.00","7,000.00",1.67,10.506,22.063,15.939,0,0,0,,,
Gadchiroli,2012 - 2013,"5,100.00","9,900.00",1.94,10.084,22.769,16.212,0,0,0,,,
Gadchiroli,2013 - 2014,"5,300.00","8,100.00",1.53,10.411,21.542,15.701,0,0,0,,,
Gadchiroli,2014 - 2015,"4,200.00","7,600.00",1.81,10.342,22.434,16.113,0,0,0,,,
Gadchiroli,2015 - 2016,"4,100.00","6,900.00",1.68,10.714,22.71,16.296,0,0,0,,,
Gadchiroli,2016 - 2017,"4,900.00","14,500.00",2.96,10.502,22.344,16.023,0,0,0,,,
Gadchiroli,2017 - 2018,"5,654.00","22,600.00",4,10.466,22.373,16.187,0,0,0,,,
Gadchiroli,2018 - 2019,"6,897.00","14,773.00",2.14,10.125,22.48,16.104,0,0,0,,,
Gadchiroli,2019 - 2020,"6,702.00","20,194.00",3.01,11.09,22.108,16.438,0,0,0,,,
Gadchiroli,2020 - 2021,"6,900.00","17,300.00",2.51,10.253,21.416,15.751,0,0,0,,,
Gadchiroli,2021 - 2022,"7,200.00","17,100.00",2.38,10.219,21.363,15.692,0,0,0,,,
Gadchiroli,2022 - 2023,"7,106.81","16,612.80",2.34,10.511,22.335,16.164,0,0,0,,,
Gondia,2019 - 2020,2,5,2.5,10.757,22.131,16.611,0,0,0,,,
Gondia,2021 - 2022,8,22,2.75,9.824,21.496,15.748,0,0,0,,,
Hingoli,1999 - 2000,"1,13,500.00","97,100.00",0.86,10.044,22.504,16.069,7.005,0.716,2.115,,,
Hingoli,2000 - 2001,"1,04,300.00","52,500.00",0.5,10.736,22.895,16.745,6.884,0.629,1.934,,,
Hingoli,2001 - 2002,"93,500.00","97,400.00",1.04,10.507,22.541,16.253,7.558,0.874,2.1,,,
Hingoli,2002 - 2003,"83,200.00","86,800.00",1.04,10.997,23.312,17.048,7.039,0.866,1.957,,,
Hingoli,2003 - 2004,"72,500.00","1,11,900.00",1.54,10.645,22.848,16.639,7.175,0.844,2.011,,,
Hingoli,2004 - 2005,"71,300.00","65,700.00",0.92,10.671,22.772,16.509,7.436,0.564,2.129,,,
Hingoli,2005 - 2006,"54,300.00","72,200.00",1.33,10.234,21.815,16.036,7.546,1.232,1.871,,,
Hingoli,2006 - 2007,"61,900.00","1,28,900.00",2.08,10.903,21.816,16.188,8.279,0.936,1.676,,,
Hingoli,2007 - 2008,"74,900.00","2,71,100.00",3.62,10.813,22.215,16.288,7.414,0.761,1.921,,,
Hingoli,2008 - 2009,"1,05,700.00","1,85,300.00",1.75,10.26,22.452,16.277,7.468,0.664,1.834,,,
Hingoli,2009 - 2010,"97,000.00","1,57,900.00",1.63,10.544,22.672,16.715,7.434,0.914,1.846,,,
Hingoli,2010 - 2011,"81,900.00","1,33,300.00",1.63,10.949,22.198,16.765,8.26,0.793,1.942,,,
Hingoli,2011 - 2012,"89,600.00","1,43,400.00",1.6,10.96,22.452,16.591,6.985,0.399,1.957,,,
Hingoli,2012 - 2013,"1,00,900.00","2,42,100.00",2.4,10.653,22.67,16.787,7.402,0.627,1.959,,,
Hingoli,2013 - 2014,"96,000.00","1,92,400.00",2,10.772,21.58,16.064,8.148,1.57,2.086,,,
Hingoli,2014 - 2015,"94,700.00","85,400.00",0.9,10.662,23.243,16.975,6.923,0.461,1.927,,,
Hingoli,2015 - 2016,"84,200.00","46,500.00",0.55,11.173,23.679,17.27,7.32,0.645,2.033,,,
Hingoli,2016 - 2017,"75,000.00","1,57,400.00",2.1,10.495,22.656,16.425,7.369,1.035,2.029,,,
Hingoli,2017 - 2018,"86,974.00","1,34,200.00",1.54,10.947,23.053,16.897,7.42,1.13,1.801,,,
Hingoli,2018 - 2019,"83,681.00","1,63,749.00",1.96,10.798,23.22,17.032,7.488,0.759,1.879,,,
Hingoli,2019 - 2020,"47,011.00","1,18,022.00",2.51,11.265,22.452,17.024,8.066,0.85,1.773,,,
Hingoli,2020 - 2021,"45,700.00","85,600.00",1.87,10.776,21.758,16.349,8.357,1.342,1.786,,,
Hingoli,2021 - 2022,"44,900.00","78,700.00",1.75,10.397,21.231,15.941,8.622,1.256,1.828,,,
Hingoli,2022 - 2023,"32,475.94","78,215.44",2.41,10.537,22.253,16.444,8.104,0.768,1.787,,,
Jalgaon,1999 - 2000,"3,99,100.00","5,62,000.00",1.41,0,0,0,0,0,0,,,
Jalgaon,2000 - 2001,"4,11,500.00","2,81,100.00",0.68,0,0,0,0,0,0,,,
Jalgaon,2001 - 2002,"4,03,000.00","5,04,900.00",1.25,0,0,0,0,0,0,,,
Jalgaon,2002 - 2003,"3,84,000.00","4,68,200.00",1.22,0,0,0,0,0,0,,,
Jalgaon,2003 - 2004,"3,83,600.00","5,14,800.00",1.34,0,0,0,0,0,0,,,
Jalgaon,2004 - 2005,"3,96,100.00","6,16,600.00",1.56,0,0,0,0,0,0,,,
Jalgaon,2005 - 2006,"3,93,400.00","6,04,200.00",1.54,0,0,0,0,0,0,,,
Jalgaon,2006 - 2007,"4,20,500.00","8,04,200.00",1.91,0,0,0,0,0,0,,,
Jalgaon,2007 - 2008,"4,16,000.00","9,48,500.00",2.28,0,0,0,0,0,0,,,
Jalgaon,2008 - 2009,"4,34,600.00","7,80,100.00",1.79,0,0,0,0,0,0,,,
Jalgaon,2009 - 2010,"4,13,600.00","6,85,100.00",1.66,0,0,0,0,0,0,,,
Jalgaon,2010 - 2011,"5,09,700.00","10,97,100.00",2.15,0,0,0,0,0,0,,,
Jalgaon,2011 - 2012,"5,48,600.00","10,40,400.00",1.9,0,0,0,0,0,0,,,
Jalgaon,2012 - 2013,"5,58,800.00","8,53,300.00",1.53,0,0,0,0,0,0,,,
Jalgaon,2013 - 2014,"5,58,800.00","15,04,000.00",2.69,0,0,0,0,0,0,,,
Jalgaon,2014 - 2015,"4,71,100.00","7,68,100.00",1.63,0,0,0,0,0,0,,,
Jalgaon,2015 - 2016,"4,61,600.00","6,05,900.00",1.31,0,0,0,0,0,0,,,
Jalgaon,2016 - 2017,"5,04,200.00","14,62,300.00",2.9,0,0,0,0,0,0,,,
Jalgaon,2017 - 2018,"5,14,300.00","8,34,900.00",1.62,0,0,0,0,0,0,,,
Jalgaon,2018 - 2019,"5,03,476.00","9,05,203.00",1.8,0,0,0,0,0,0,,,
Jalgaon,2019 - 2020,"5,34,101.00","5,02,286.00",0.94,0,0,0,0,0,0,,,
Jalgaon,2020 - 2021,"5,40,600.00","14,02,200.00",2.59,0,0,0,0,0,0,,,
Jalgaon,2021 - 2022,"4,89,400.00","7,31,200.00",1.49,0,0,0,0,0,0,,,
Jalgaon,2022 - 2023,"5,31,076.79","12,94,918.60",2.44,0,0,0,0,0,0,,,
Jalna,1999 - 2000,"1,70,300.00","1,21,600.00",0.71,10.483,22.58,16.336,6.481,0.722,2.273,,,
Jalna,2000 - 2001,"1,38,200.00","93,600.00",0.68,11.199,22.753,16.757,6.41,0.925,2.064,,,
Jalna,2001 - 2002,"1,57,200.00","1,83,400.00",1.17,10.859,22.549,16.474,7.124,1.068,2.248,,,
Jalna,2002 - 2003,"1,44,900.00","2,00,000.00",1.38,11.25,23.42,17.102,6.567,1.048,2.124,,,
Jalna,2003 - 2004,"1,56,900.00","1,63,700.00",1.04,11.063,23.16,16.893,6.636,0.77,2.23,,,
Jalna,2004 - 2005,"1,74,000.00","2,06,500.00",1.19,11.012,22.486,16.5,7.114,0.681,2.257,,,
Jalna,2005 - 2006,"2,16,100.00","2,70,400.00",1.25,10.753,22.048,16.214,7.117,1.189,2.015,,,
Jalna,2006 - 2007,"2,33,300.00","5,14,700.00",2.21,11.323,21.724,16.362,7.781,1.073,1.82,,,
Jalna,2007 - 2008,"2,67,500.00","6,49,100.00",2.43,10.978,22.401,16.436,6.969,0.755,2.008,,,
Jalna,2008 - 2009,"2,85,900.00","4,18,300.00",1.46,10.819,22.535,16.647,7.026,0.613,2.096,,,
Jalna,2009 - 2010,"2,90,700.00","5,03,100.00",1.73,10.89,22.728,16.725,6.99,0.899,2.034,,,
Jalna,2010 - 2011,"3,03,300.00","7,76,600.00",2.56,11.41,22.253,16.76,7.706,0.954,2.059,,,
Jalna,2011 - 2012,"3,06,900.00","5,27,100.00",1.72,11.301,22.714,16.843,6.677,0.426,2.185,,,
Jalna,2012 - 2013,"2,89,000.00","1,90,200.00",0.66,10.962,22.668,16.813,6.798,0.699,2.132,,,
Jalna,2013 - 2014,"2,98,800.00","6,81,400.00",2.28,11.059,21.755,16.213,7.658,1.342,2.19,,,
Jalna,2014 - 2015,"2,94,200.00","1,59,100.00",0.54,11.177,23.087,17.041,6.669,0.587,2.002,,,
Jalna,2015 - 2016,"2,86,100.00","1,49,100.00",0.52,11.361,23.44,17.154,6.856,0.656,2.113,,,
Jalna,2016 - 2017,"2,66,400.00","6,98,800.00",2.62,10.976,22.819,16.547,6.84,0.87,2.032,,,
Jalna,2017 - 2018,"2,79,539.00","1,74,600.00",0.62,11.14,22.625,16.718,6.623,0.876,1.974,,,
Jalna,2018 - 2019,"3,02,725.00","3,47,347.00",1.15,11.107,23.252,17.114,6.635,0.658,1.987,,,
Jalna,2019 - 2020,"3,30,994.00","7,71,154.00",2.33,11.607,22.321,16.942,7.442,0.743,1.931,,,
Jalna,2020 - 2021,"3,42,500.00","7,85,900.00",2.29,11.145,21.712,16.497,7.871,1.199,1.885,,,
Jalna,2021 - 2022,"3,33,880.00","6,10,800.00",1.83,10.959,21.237,16.174,8.231,1.086,1.908,,,
Jalna,2022 - 2023,"3,03,128.95","6,87,786.40",2.27,10.92,22.25,16.458,7.633,0.707,1.879,,,
Kolhapur,1999 - 2000,100,100,1,10.421,21.199,15.088,8.051,2.232,2.113,,,
Kolhapur,2000 - 2001,100,100,1,10.69,21.3,15.187,8.019,1.776,2.088,,,
Kolhapur,2001 - 2002,100,100,1,10.771,21.245,15.389,7.998,1.292,2.289,,,
Kolhapur,2002 - 2003,100,100,1,11.256,22.103,15.778,8.103,1.91,1.986,,,
Kolhapur,2003 - 2004,100,100,1,10.747,22.234,15.941,7.809,1.467,2.049,,,
Kolhapur,2004 - 2005,100,100,1,10.715,21.102,15.285,7.923,1.843,2.244,,,
Kolhapur,2005 - 2006,100,100,1,10.337,20.85,15.08,8.177,2.068,2.002,,,
Kolhapur,2006 - 2007,100,200,2,11.088,20.472,15.246,8.477,2.722,2.097,,,
Kolhapur,2007 - 2008,100,100,1,10.615,21.105,15.301,8.389,2.61,2.029,,,
Kolhapur,2008 - 2009,100,200,2,10.37,20.937,15.277,8.153,1.461,2.167,,,
Kolhapur,2009 - 2010,100,100,1,10.846,20.767,15.449,8.578,1.804,2.04,,,
Kolhapur,2010 - 2011,100,200,2,11.045,20.798,15.498,8.992,2.17,1.977,,,
Kolhapur,2017 - 2018,13,12,0.92,10.671,20.909,15.321,8.306,1.545,2.004,,,
Latur,1999 - 2000,"28,000.00","18,700.00",0.67,10.223,22.603,16.139,7.736,0.515,2.42,,,
Latur,2000 - 2001,"22,200.00","19,700.00",0.89,10.658,22.042,16.101,7.919,1.063,2.301,,,
Latur,2001 - 2002,"17,100.00","14,400.00",0.84,10.696,21.754,15.976,8.155,0.995,2.464,,,
Latur,2002 - 2003,"9,800.00","5,900.00",0.6,11.03,22.856,16.472,8.136,1.313,2.264,,,
Latur,2003 - 2004,"5,600.00","5,000.00",0.89,10.753,22.673,16.607,7.573,0.808,2.361,,,
Latur,2004 - 2005,"7,000.00","6,700.00",0.96,10.402,21.748,15.84,8.327,1.016,2.346,,,
Latur,2005 - 2006,"3,400.00","3,400.00",1,10.41,21.198,15.49,8.774,1.684,1.975,,,
Latur,2006 - 2007,"2,600.00","2,500.00",0.96,11.056,21.324,15.878,8.445,1.218,2.145,,,
Latur,2007 - 2008,"1,800.00","2,700.00",1.5,10.712,21.783,15.867,8.191,2.046,2.191,,,
Latur,2008 - 2009,"2,700.00","4,700.00",1.74,10.227,21.702,15.873,7.914,0.698,2.346,,,
Latur,2009 - 2010,"3,200.00","6,000.00",1.88,10.741,21.888,16.252,8.347,1.237,2.221,,,
Latur,2010 - 2011,"3,400.00","8,000.00",2.35,10.968,21.78,16.418,8.683,0.941,2.254,,,
Latur,2011 - 2012,"4,900.00","13,600.00",2.78,11.182,22.279,16.504,7.924,0.764,2.374,,,
Latur,2012 - 2013,"5,500.00","17,800.00",3.24,10.826,22.441,16.599,7.894,0.854,2.406,,,
Latur,2013 - 2014,"4,400.00","14,200.00",3.23,10.741,20.993,15.803,8.273,0.782,2.47,,,
Latur,2014 - 2015,"3,800.00","2,700.00",0.71,10.775,22.266,16.388,7.9,0.728,2.144,,,
Latur,2015 - 2016,"3,300.00","1,600.00",0.48,11.01,22.912,16.756,8.333,0.905,2.29,,,
Latur,2016 - 2017,"2,700.00","11,800.00",4.37,10.609,22.204,16.164,7.358,0.738,2.264,,,
Latur,2017 - 2018,"3,111.00","11,700.00",3.76,10.949,22.254,16.408,7.981,1.05,2.082,,,
Latur,2018 - 2019,"5,861.00","4,963.00",0.85,10.949,23.018,16.873,7.659,0.414,2.205,,,
Latur,2019 - 2020,"6,269.00","9,557.00",1.52,11.815,22.234,16.934,8.485,0.789,2.158,,,
Latur,2020 - 2021,"7,900.00","19,800.00",2.51,10.932,21.026,16.045,8.694,1.21,2.163,,,
Latur,2021 - 2022,"7,900.00","12,600.00",1.59,10.944,20.969,15.936,8.792,1.173,2.183,,,
Latur,2022 - 2023,"7,283.88","27,221.14",3.74,10.7,21.843,16.132,8.723,1.198,2.147,,,
Nagpur,1999 - 2000,"63,400.00","1,03,700.00",1.64,9.963,22.681,16.323,6.68,0.974,1.881,,,
Nagpur,2000 - 2001,"71,100.00","63,100.00",0.89,10.751,23.578,17.013,6.014,0.758,1.859,,,
Nagpur,2001 - 2002,"80,100.00","76,700.00",0.96,10.06,22.759,16.27,7.337,1.474,1.877,,,
Nagpur,2002 - 2003,"73,400.00","71,200.00",0.97,10.904,23.587,17.201,6.301,1.245,1.926,,,
Nagpur,2003 - 2004,"74,300.00","1,15,400.00",1.55,10.601,22.992,16.74,6.784,1.085,1.964,,,
Nagpur,2004 - 2005,"75,300.00","1,04,300.00",1.39,10.9,23.248,16.763,6.738,0.673,1.999,,,
Nagpur,2005 - 2006,"73,300.00","98,800.00",1.35,9.933,22.576,16.405,6.457,1.172,1.792,,,
Nagpur,2006 - 2007,"67,500.00","84,000.00",1.24,11.015,22.655,16.73,7.555,0.784,1.637,,,
Nagpur,2007 - 2008,"63,100.00","1,06,600.00",1.69,10.823,22.808,16.615,6.729,1.225,1.807,,,
Nagpur,2008 - 2009,"44,300.00","63,500.00",1.43,10.373,23.046,16.524,6.785,0.878,1.786,,,
Nagpur,2009 - 2010,"63,600.00","89,000.00",1.4,10.613,23.119,17.012,6.68,1.098,1.798,,,
Nagpur,2010 - 2011,"80,800.00","1,26,000.00",1.56,10.91,22.785,17.118,7.408,0.935,1.899,,,
Nagpur,2011 - 2012,"1,02,100.00","1,41,800.00",1.39,10.828,22.666,16.487,7.158,0.704,1.827,,,
Nagpur,2012 - 2013,"89,400.00","1,76,700.00",1.98,10.358,23.064,16.821,6.759,0.697,1.804,,,
Nagpur,2013 - 2014,"92,400.00","1,50,400.00",1.63,10.794,22.346,16.327,7.525,1.983,1.901,,,
Nagpur,2014 - 2015,"1,11,300.00","1,50,200.00",1.35,10.77,23.387,16.942,6.68,0.509,1.846,,,
Nagpur,2015 - 2016,"1,26,400.00","1,61,400.00",1.28,10.94,23.397,16.939,7.359,1.473,1.845,,,
Nagpur,2016 - 2017,"1,36,500.00","5,50,200.00",4.03,10.517,22.851,16.629,6.971,1.034,1.788,,,
Nagpur,2017 - 2018,"1,45,168.00","3,47,600.00",2.39,10.792,23.085,16.915,6.788,0.956,1.819,,,
Nagpur,2018 - 2019,"1,42,626.00","3,24,685.00",2.28,10.605,23.224,16.893,6.839,0.891,1.774,,,
Nagpur,2019 - 2020,"1,53,345.00","4,09,516.00",2.67,10.879,22.551,16.983,7.097,0.669,1.762,,,
Nagpur,2020 - 2021,"1,58,900.00","5,08,200.00",3.2,10.015,21.822,16.168,7.602,1.057,1.655,,,
Nagpur,2021 - 2022,"1,58,900.00","4,51,800.00",2.84,9.893,21.778,16.064,7.871,1.195,1.735,,,
Nagpur,2022 - 2023,"2,14,085.24","5,86,809.06",2.74,10.803,22.727,16.716,7.202,0.784,1.734,,,
Nanded,1999 - 2000,"2,74,300.00","1,76,900.00",0.64,0,0,0,0,0,0,,,
Nanded,2000 - 2001,"2,70,000.00","83,400.00",0.31,0,0,0,0,0,0,,,
Nanded,2001 - 2002,"2,45,700.00","1,65,100.00",0.67,0,0,0,0,0,0,,,
Nanded,2002 - 2003,"2,14,600.00","1,26,100.00",0.59,0,0,0,0,0,0,,,
Nanded,2003 - 2004,"2,15,500.00","2,02,900.00",0.94,0,0,0,0,0,0,,,
Nanded,2004 - 2005,"2,33,200.00","1,94,900.00",0.84,0,0,0,0,0,0,,,
Nanded,2005 - 2006,"2,27,800.00","1,29,200.00",0.57,0,0,0,0,0,0,,,
Nanded,2006 - 2007,"2,15,700.00","1,29,400.00",0.6,0,0,0,0,0,0,,,
Nanded,2007 - 2008,"2,07,800.00","2,73,000.00",1.31,0,0,0,0,0,0,,,
Nanded,2008 - 2009,"2,69,300.00","1,91,300.00",0.71,0,0,0,0,0,0,,,
Nanded,2009 - 2010,"2,57,400.00","1,97,200.00",0.77,0,0,0,0,0,0,,,
Nanded,2010 - 2011,"3,02,100.00","4,62,200.00",1.53,0,0,0,0,0,0,,,
Nanded,2011 - 2012,"3,26,600.00","5,20,900.00",1.59,0,0,0,0,0,0,,,
Nanded,2012 - 2013,"3,26,600.00","5,27,200.00",1.61,0,0,0,0,0,0,,,
Nanded,2013 - 2014,"3,21,100.00","3,60,900.00",1.12,0,0,0,0,0,0,,,
Nanded,2014 - 2015,"3,42,300.00","1,76,800.00",0.52,0,0,0,0,0,0,,,
Nanded,2015 - 2016,"3,52,700.00","2,40,600.00",0.68,0,0,0,0,0,0,,,
Nanded,2016 - 2017,"3,64,300.00","6,35,400.00",1.74,0,0,0,0,0,0,,,
Nanded,2017 - 2018,"2,99,543.00","3,11,700.00",1.04,0,0,0,0,0,0,,,
Nanded,2018 - 2019,"2,40,876.00","3,64,857.00",1.51,0,0,0,0,0,0,,,
Nanded,2019 - 2020,"2,44,704.00","2,58,461.00",1.06,0,0,0,0,0,0,,,
Nanded,2020 - 2021,"2,44,700.00","4,12,100.00",1.68,0,0,0,0,0,0,,,
Nanded,2021 - 2022,"2,34,600.00","3,07,300.00",1.31,0,0,0,0,0,0,,,
Nanded,2022 - 2023,"1,97,291.42","3,33,033.72",1.69,0,0,0,0,0,0,,,
Nandurbar,1999 - 2000,"31,600.00","31,800.00",1.01,0,0,0,0,0,0,,,
Nandurbar,2000 - 2001,"29,600.00","17,400.00",0.59,0,0,0,0,0,0,,,
Nandurbar,2001 - 2002,"33,100.00","23,100.00",0.7,0,0,0,0,0,0,,,
Nandurbar,2002 - 2003,"34,200.00","22,800.00",0.67,0,0,0,0,0,0,,,
Nandurbar,2003 - 2004,"36,200.00","40,900.00",1.13,0,0,0,0,0,0,,,
Nandurbar,2004 - 2005,"38,100.00","34,400.00",0.9,0,0,0,0,0,0,,,
Nandurbar,2005 - 2006,"34,900.00","50,400.00",1.44,0,0,0,0,0,0,,,
Nandurbar,2006 - 2007,"34,700.00","31,300.00",0.9,0,0,0,0,0,0,,,
Nandurbar,2007 - 2008,"46,100.00","1,07,600.00",2.33,0,0,0,0,0,0,,,
Nandurbar,2008 - 2009,"56,900.00","1,07,600.00",1.89,0,0,0,0,0,0,,,
Nandurbar,2009 - 2010,"54,500.00","1,07,500.00",1.97,0,0,0,0,0,0,,,
Nandurbar,2010 - 2011,"56,000.00","1,16,600.00",2.08,0,0,0,0,0,0,,,
Nandurbar,2011 - 2012,"57,200.00","81,300.00",1.42,0,0,0,0,0,0,,,
Nandurbar,2012 - 2013,"79,200.00","96,500.00",1.22,0,0,0,0,0,0,,,
Nandurbar,2013 - 2014,"1,02,200.00","1,49,800.00",1.47,0,0,0,0,0,0,,,
Nandurbar,2014 - 2015,"1,18,600.00","1,01,200.00",0.85,0,0,0,0,0,0,,,
Nandurbar,2015 - 2016,"1,16,600.00","1,10,600.00",0.95,0,0,0,0,0,0,,,
Nandurbar,2016 - 2017,"85,500.00","1,52,100.00",1.78,0,0,0,0,0,0,,,
Nandurbar,2017 - 2018,"96,600.00","1,92,200.00",1.99,0,0,0,0,0,0,,,
Nandurbar,2018 - 2019,"1,11,064.00","1,20,233.00",1.08,0,0,0,0,0,0,,,
Nandurbar,2019 - 2020,"1,18,092.00","1,86,752.00",1.58,0,0,0,0,0,0,,,
Nandurbar,2020 - 2021,"1,21,300.00","3,07,700.00",2.54,0,0,0,0,0,0,,,
Nandurbar,2021 - 2022,"1,25,900.00","1,72,600.00",1.37,0,0,0,0,0,0,,,
Nandurbar,2022 - 2023,"1,29,061.00","2,12,362.09",1.65,0,0,0,0,0,0,,,
Nashik,1999 - 2000,"5,600.00","9,300.00",1.66,9.946,22.129,15.592,6.32,1.067,2.193,,,
Nashik,2000 - 2001,"5,700.00","5,700.00",1,10.704,22.968,16.344,5.678,0.755,2.085,,,
Nashik,2001 - 2002,"6,200.00","3,900.00",0.63,10.281,22.645,16.018,6.58,1.353,2.123,,,
Nashik,2002 - 2003,"5,400.00","6,700.00",1.24,10.587,23.541,16.632,5.992,1.109,2.171,,,
Nashik,2003 - 2004,"7,200.00","4,700.00",0.65,10.089,22.774,16.033,6.572,1.143,2.198,,,
Nashik,2004 - 2005,"14,100.00","20,000.00",1.42,10.291,22.279,15.866,6.506,0.743,2.181,,,
Nashik,2005 - 2006,"17,400.00","34,600.00",1.99,9.533,22.108,15.604,6.019,1.23,2.023,,,
Nashik,2006 - 2007,"34,300.00","49,000.00",1.43,10.475,21.48,15.764,7.188,0.953,1.892,,,
Nashik,2007 - 2008,"39,300.00","76,100.00",1.94,10.305,22.199,15.857,6.428,0.963,2.024,,,
Nashik,2008 - 2009,"28,000.00","36,300.00",1.3,10.049,22.485,15.987,6.405,0.722,2.109,,,
Nashik,2009 - 2010,"46,400.00","69,200.00",1.49,10.116,22.498,16.089,6.481,1.009,2.121,,,
Nashik,2010 - 2011,"50,500.00","1,00,600.00",1.99,10.644,21.94,16.036,7.39,1.112,2.072,,,
Nashik,2011 - 2012,"47,000.00","96,500.00",2.05,10.327,22.292,16.042,6.706,0.64,2.057,,,
Nashik,2012 - 2013,"45,700.00","76,700.00",1.68,10.191,22.25,16.074,6.477,0.613,2.128,,,
Nashik,2013 - 2014,"46,000.00","1,00,800.00",2.19,10.054,21.784,15.459,7.188,1.756,2.125,,,
Nashik,2014 - 2015,"46,000.00","44,700.00",0.97,10.281,22.673,16.235,6.216,0.381,2.093,,,
Nashik,2015 - 2016,"43,300.00","26,900.00",0.62,10.31,22.892,16.303,6.759,1.277,2.028,,,
Nashik,2016 - 2017,"46,700.00","1,58,500.00",3.39,10.215,22.716,15.845,6.336,0.729,2.049,,,
Nashik,2017 - 2018,"65,400.00","1,44,100.00",2.2,10.285,22.229,15.929,6.49,0.906,2.01,,,
Nashik,2018 - 2019,"62,430.00","30,849.00",0.49,10.301,23.13,16.484,5.908,0.775,2.005,,,
Nashik,2019 - 2020,"64,192.00","75,784.00",1.18,10.424,21.874,15.964,7.108,0.829,2.025,,,
Nashik,2020 - 2021,"66,300.00","1,79,100.00",2.7,10.136,21.485,15.974,7.262,1.096,1.805,,,
Nashik,2021 - 2022,"62,200.00","1,25,300.00",2.01,10.234,21.137,15.558,7.577,1.301,1.909,,,
Nashik,2022 - 2023,"40,082.15","1,12,437.26",2.81,10.126,21.919,15.789,6.899,0.965,2.037,,,
Osmanabad,1999 - 2000,"3,000.00","2,000.00",0.67,10.269,22.922,16.321,7.608,0.546,2.534,,,
Osmanabad,2000 - 2001,"2,600.00","1,100.00",0.42,10.673,22.421,16.314,7.626,0.97,2.437,,,
Osmanabad,2001 - 2002,"2,500.00",900,0.36,10.597,21.891,16.121,7.972,0.882,2.567,,,
Osmanabad,2002 - 2003,"1,900.00","1,200.00",0.63,11.127,23.028,16.654,7.851,1.157,2.377,,,
Osmanabad,2003 - 2004,"1,800.00","1,100.00",0.61,10.851,23.104,16.914,7.375,0.726,2.495,,,
Osmanabad,2004 - 2005,"5,700.00","5,300.00",0.93,10.396,21.966,16.022,8.081,0.941,2.486,,,
Osmanabad,2005 - 2006,"4,500.00","5,600.00",1.24,10.467,21.482,15.625,8.548,1.495,2.055,,,
Osmanabad,2006 - 2007,"5,100.00","4,900.00",0.96,11.033,21.715,16.18,8.205,1.154,2.276,,,
Osmanabad,2007 - 2008,"3,800.00","5,600.00",1.47,10.726,22.066,16.122,8.001,1.808,2.28,,,
Osmanabad,2008 - 2009,"2,400.00","2,700.00",1.13,10.154,22.091,16.034,7.772,0.72,2.48,,,
Osmanabad,2009 - 2010,"4,200.00","5,700.00",1.36,10.901,22.179,16.472,8.149,1.078,2.359,,,
Osmanabad,2010 - 2011,"18,200.00","38,700.00",2.13,11,22.065,16.693,8.452,0.829,2.365,,,
Osmanabad,2011 - 2012,"20,500.00","37,600.00",1.83,11.22,22.638,16.748,7.698,0.672,2.521,,,
Osmanabad,2012 - 2013,"26,000.00","30,400.00",1.17,10.934,22.758,16.853,7.722,0.745,2.57,,,
Osmanabad,2013 - 2014,"29,300.00","57,300.00",1.96,10.809,21.535,16.125,8.02,0.712,2.607,,,
Osmanabad,2014 - 2015,"29,300.00","23,000.00",0.78,10.796,22.376,16.505,7.775,0.72,2.249,,,
Osmanabad,2015 - 2016,"15,400.00","6,800.00",0.44,11.078,23.071,16.929,8.111,0.812,2.419,,,
Osmanabad,2016 - 2017,"13,300.00","21,100.00",1.59,10.689,22.474,16.413,7.116,0.723,2.305,,,
Osmanabad,2017 - 2018,"13,448.00","8,000.00",0.59,11.006,22.368,16.561,7.741,1,2.191,,,
Osmanabad,2018 - 2019,"16,254.00","8,251.00",0.51,10.986,23.126,17.033,7.372,0.374,2.301,,,
Osmanabad,2019 - 2020,"25,198.00","13,039.00",0.52,12.015,22.693,17.237,8.254,0.758,2.293,,,
Osmanabad,2020 - 2021,"20,000.00","33,200.00",1.66,10.886,21.332,16.271,8.518,1.124,2.268,,,
Osmanabad,2021 - 2022,"12,900.00","17,900.00",1.39,11.016,21.146,16.128,8.674,1.229,2.273,,,
Osmanabad,2022 - 2023,"2,027.43","3,026.29",1.49,10.804,22.028,16.366,8.552,1.19,2.2,,,
Parbhani,1999 - 2000,"2,19,200.00","1,37,100.00",0.63,10.01,22.574,16.089,7.192,0.7,2.281,,,
Parbhani,2000 - 2001,"2,02,400.00","90,500.00",0.45,10.74,22.694,16.579,7.267,0.985,2.108,,,
Parbhani,2001 - 2002,"2,03,400.00","1,79,700.00",0.88,10.483,22.326,16.158,7.751,1.191,2.289,,,
Parbhani,2002 - 2003,"1,93,500.00","1,94,900.00",1.01,10.982,23.219,16.942,7.41,1.159,2.147,,,
Parbhani,2003 - 2004,"1,84,700.00","2,26,800.00",1.23,10.679,22.856,16.644,7.274,0.88,2.221,,,
Parbhani,2004 - 2005,"1,98,000.00","1,72,700.00",0.87,10.458,22.579,16.353,7.793,0.858,2.251,,,
Parbhani,2005 - 2006,"1,85,000.00","2,21,600.00",1.2,10.284,21.622,15.891,7.864,1.516,2.014,,,
Parbhani,2006 - 2007,"1,94,700.00","2,98,800.00",1.53,10.892,21.591,16.048,8.322,1.293,1.878,,,
Parbhani,2007 - 2008,"1,98,100.00","5,44,500.00",2.75,10.773,22.061,16.198,7.64,1.139,2.053,,,
Parbhani,2008 - 2009,"2,04,400.00","3,61,000.00",1.77,10.126,22.244,16.143,7.574,0.773,2.119,,,
Parbhani,2009 - 2010,"2,17,700.00","3,43,800.00",1.58,10.52,22.513,16.572,7.729,1.053,2.07,,,
Parbhani,2010 - 2011,"2,32,400.00","4,04,800.00",1.74,10.801,22.033,16.649,8.371,1.237,2.127,,,
Parbhani,2011 - 2012,"2,40,500.00","4,13,400.00",1.72,10.877,22.313,16.542,7.394,0.57,2.203,,,
Parbhani,2012 - 2013,"2,73,600.00","5,48,000.00",2,10.651,22.616,16.802,7.42,0.878,2.175,,,
Parbhani,2013 - 2014,"2,65,900.00","5,59,000.00",2.1,10.663,21.27,15.98,8.143,1.368,2.247,,,
Parbhani,2014 - 2015,"2,73,500.00","2,04,800.00",0.75,10.549,23.064,16.867,7.291,0.713,2.052,,,
Parbhani,2015 - 2016,"2,72,200.00","1,07,700.00",0.4,11.098,23.633,17.262,7.632,0.902,2.177,,,
Parbhani,2016 - 2017,"1,67,630.00","7,68,376.00",4.58,10.506,22.55,16.361,7.347,0.816,2.133,,,
Parbhani,2017 - 2018,"1,85,129.00","3,67,600.00",1.99,10.966,23.069,16.872,7.423,0.844,2.015,,,
Parbhani,2018 - 2019,"1,99,869.00","3,27,347.00",1.64,10.846,23.225,17.073,7.387,0.638,2.063,,,
Parbhani,2019 - 2020,"2,14,404.00","2,97,153.00",1.39,11.33,22.435,17.039,8.089,0.92,1.991,,,
Parbhani,2020 - 2021,"2,14,400.00","3,90,700.00",1.82,10.848,21.637,16.308,8.374,1.368,1.986,,,
Parbhani,2021 - 2022,"2,19,000.00","3,96,400.00",1.81,10.467,21.113,15.887,8.658,1.199,2.003,,,
Parbhani,2022 - 2023,"1,82,292.98","5,33,158.21",2.92,10.395,22.098,16.367,8.328,1.064,1.968,,,
Pune,1999 - 2000,400,"1,400.00",3.5,9.371,21.376,14.847,6.191,0.859,2.426,,,
Pune,2000 - 2001,700,"1,600.00",2.29,9.948,21.6,15.253,6.062,0.753,2.229,,,
Pune,2001 - 2002,200,400,2,9.626,21.309,15.084,6.655,0.719,2.426,,,
Pune,2002 - 2003,200,500,2.5,10.102,22.568,15.77,6.106,0.745,2.281,,,
Pune,2003 - 2004,100,300,3,9.543,22.299,15.703,6.136,0.523,2.407,,,
Pune,2004 - 2005,100,200,2,9.588,20.943,14.854,6.831,0.684,2.342,,,
Pune,2005 - 2006,100,300,3,9.191,20.985,14.656,6.638,0.815,2.23,,,
Pune,2006 - 2007,100,200,2,10.015,20.428,15.001,7.219,1.131,2.065,,,
Pune,2007 - 2008,100,200,2,9.786,21.334,15.234,6.526,0.615,2.196,,,
Pune,2008 - 2009,100,300,3,9.309,21.247,15.054,6.66,0.348,2.348,,,
Pune,2019 - 2020,14,478,34.14,10.226,21.483,15.598,7.199,0.933,2.204,,,
Pune,2020 - 2021,41,97,2.37,9.71,20.36,15.35,7.518,1.695,1.971,,,
Pune,2021 - 2022,30,149,4.97,10.084,20.173,15.017,7.932,1.097,2.059,,,
Pune,2022 - 2023,423.1,"1,017.00",2.4,9.658,20.952,15.129,7.158,1.096,2.13,,,
Sangli,1999 - 2000,"3,300.00","7,600.00",2.3,9.684,22.009,15.328,7.364,0.976,2.609,,,
Sangli,2000 - 2001,"3,600.00","6,500.00",1.81,10.237,21.877,15.507,7.287,0.959,2.527,,,
Sangli,2001 - 2002,"3,100.00","3,000.00",0.97,9.951,21.749,15.475,7.495,0.713,2.781,,,
Sangli,2002 - 2003,"3,000.00","3,300.00",1.1,10.613,22.529,16.095,7.342,0.794,2.461,,,
Sangli,2003 - 2004,600,900,1.5,10.068,22.791,16.188,7.224,0.748,2.565,,,
Sangli,2004 - 2005,"1,300.00",200,0.15,9.948,21.434,15.41,7.374,0.9,2.687,,,
Sangli,2005 - 2006,"2,700.00","2,400.00",0.89,9.743,21.269,15.053,7.777,1.202,2.352,,,
Sangli,2006 - 2007,"1,600.00","1,900.00",1.19,10.446,21.044,15.457,7.907,1.43,2.493,,,
Sangli,2007 - 2008,"1,900.00","6,300.00",3.32,9.977,21.694,15.533,7.731,1.171,2.426,,,
Sangli,2008 - 2009,"1,500.00","1,600.00",1.07,9.514,21.546,15.363,7.609,0.836,2.648,,,
Sangli,2009 - 2010,"2,500.00","1,800.00",0.72,10.131,21.364,15.646,8.02,1.11,2.439,,,
Sangli,2010 - 2011,"3,500.00","4,100.00",1.17,10.272,21.514,15.825,8.342,1.097,2.399,,,
Sangli,2011 - 2012,"3,000.00","5,200.00",1.73,9.999,21.412,15.647,7.488,0.785,2.688,,,
Sangli,2012 - 2013,"2,600.00","8,700.00",3.35,10.006,22.236,16,7.423,0.768,2.55,,,
Sangli,2013 - 2014,"2,800.00","6,200.00",2.21,9.944,21.364,15.45,7.623,0.858,2.711,,,
Sangli,2014 - 2015,"1,400.00","1,400.00",1,9.991,21.872,15.783,7.664,0.947,2.286,,,
Sangli,2015 - 2016,"1,000.00",500,0.5,10.687,22.463,16.236,7.667,0.78,2.411,,,
Sangli,2016 - 2017,600,"1,800.00",3,9.892,22.229,15.662,6.947,0.714,2.449,,,
Sangli,2017 - 2018,254,200,0.79,10.149,21.483,15.574,7.626,0.822,2.368,,,
Sangli,2018 - 2019,178,251,1.41,9.966,22.065,15.939,7.381,1.046,2.223,,,
Sangli,2019 - 2020,95,179,1.88,10.946,21.79,16.016,8.295,1.359,2.314,,,
Sangli,2020 - 2021,160,80,0.5,10.16,20.769,15.569,8.585,1.488,2.288,,,
Sangli,2022 - 2023,125,278.79,2.23,9.906,21.087,15.387,8.407,1.159,2.195,,,
Satara,1999 - 2000,"5,400.00","12,600.00",2.33,9.636,21.193,14.718,8.308,2.278,2.519,,,
Satara,2000 - 2001,"5,600.00","10,600.00",1.89,10.011,21.453,15.009,8.33,1.751,2.386,,,
Satara,2001 - 2002,"3,100.00","3,000.00",0.97,9.961,21.116,14.981,8.422,1.412,2.649,,,
Satara,2002 - 2003,"3,600.00","4,100.00",1.14,10.311,22.285,15.501,8.36,2.183,2.358,,,
Satara,2003 - 2004,600,900,1.5,9.801,22.38,15.666,8.171,1.499,2.435,,,
Satara,2004 - 2005,600,600,1,9.917,20.983,14.848,8.384,2.105,2.615,,,
Satara,2005 - 2006,"4,700.00","4,300.00",0.91,9.669,20.96,14.703,8.401,1.871,2.396,,,
Satara,2006 - 2007,"4,000.00","4,400.00",1.1,10.361,20.388,14.936,8.796,2.872,2.415,,,
Satara,2007 - 2008,"3,200.00","10,800.00",3.38,10.013,21.341,15.153,8.605,2.366,2.399,,,
Satara,2008 - 2009,"1,400.00","1,500.00",1.07,9.603,21.071,14.976,8.518,1.501,2.524,,,
Satara,2009 - 2010,"1,600.00","1,100.00",0.69,9.908,20.792,15.179,8.759,1.713,2.364,,,
Satara,2010 - 2011,"1,600.00","1,300.00",0.81,10.379,20.842,15.294,9.288,2.221,2.306,,,
Satara,2011 - 2012,"1,000.00","1,700.00",1.7,9.758,20.697,15.013,8.55,1.65,2.607,,,
Satara,2012 - 2013,100,300,3,9.772,21.356,15.31,8.382,1.501,2.402,,,
Satara,2013 - 2014,200,500,2.5,9.815,20.858,14.915,8.666,2.146,2.55,,,
Satara,2014 - 2015,100,100,1,9.997,21.648,15.399,8.416,0.832,2.261,,,
Satara,2015 - 2016,100,30,0.3,10.298,22.031,15.612,8.621,1.627,2.307,,,
Satara,2016 - 2017,100,200,2,9.519,21.527,14.939,8.159,1.636,2.455,,,
Satara,2017 - 2018,85,100,1.18,9.887,20.878,14.971,8.642,1.725,2.327,,,
Satara,2018 - 2019,21,37,1.76,9.777,21.421,15.395,8.378,1.933,2.2,,,
Satara,2019 - 2020,14,26,1.86,10.547,21.443,15.535,9.144,2.047,2.264,,,
Satara,2020 - 2021,9,5,0.56,10.069,20.272,15.321,9.307,2.461,2.237,,,
Satara,2021 - 2022,162,243,1.5,10.343,20.039,14.996,9.531,3.247,2.121,,,
Satara,2022 - 2023,503.36,"1,088.81",2.16,9.918,20.711,15.047,9.049,1.796,2.23,,,
Solapur,1999 - 2000,"5,800.00","10,200.00",1.76,10.009,22.695,16.018,0,0,0,,,
Solapur,2000 - 2001,"6,500.00","11,200.00",1.72,10.547,22.35,16.125,0,0,0,,,
Solapur,2001 - 2002,"4,000.00","3,500.00",0.88,10.192,21.921,15.937,0,0,0,,,
Solapur,2002 - 2003,"4,400.00","7,500.00",1.7,10.999,22.819,16.57,0,0,0,,,
Solapur,2003 - 2004,"1,100.00","1,500.00",1.36,10.513,23.161,16.773,0,0,0,,,
Solapur,2004 - 2005,"1,000.00","1,900.00",1.9,10.169,21.801,15.898,0,0,0,,,
Solapur,2005 - 2006,800,"1,300.00",1.63,10.157,21.605,15.551,0,0,0,,,
Solapur,2006 - 2007,900,"1,500.00",1.67,10.891,21.635,16.066,0,0,0,,,
Solapur,2007 - 2008,"1,100.00","3,000.00",2.73,10.405,22.096,16.059,0,0,0,,,
Solapur,2008 - 2009,100,200,2,9.812,22.048,15.871,0,0,0,,,
Solapur,2009 - 2010,"1,400.00","2,400.00",1.71,10.669,22,16.251,0,0,0,,,
Solapur,2010 - 2011,"1,800.00","5,200.00",2.89,10.68,22.021,16.501,0,0,0,,,
Solapur,2011 - 2012,900,"2,400.00",2.67,10.698,22.325,16.416,0,0,0,,,
Solapur,2012 - 2013,500,"1,700.00",3.4,10.494,22.686,16.67,0,0,0,,,
Solapur,2013 - 2014,500,700,1.4,10.441,21.724,16.038,0,0,0,,,
Solapur,2014 - 2015,600,"1,200.00",2,10.468,22.274,16.345,0,0,0,,,
Solapur,2015 - 2016,900,700,0.78,10.981,22.856,16.757,0,0,0,,,
Solapur,2016 - 2017,900,"1,370.00",1.52,10.463,22.461,16.262,0,0,0,,,
Solapur,2017 - 2018,300,400,1.33,10.599,22.168,16.282,0,0,0,,,
Solapur,2018 - 2019,163,88,0.54,10.435,22.778,16.642,0,0,0,,,
Solapur,2019 - 2020,521,240,0.46,11.616,22.515,16.828,0,0,0,,,
Solapur,2020 - 2021,400,900,2.25,10.604,21.381,16.124,0,0,0,,,
Solapur,2021 - 2022,300,400,1.33,10.692,21.036,15.903,0,0,0,,,
Solapur,2022 - 2023,413.96,667.8,1.61,10.395,21.746,16.046,0,0,0,,,
Wardha,1999 - 2000,"1,33,900.00","1,75,100.00",1.31,9.927,22.521,16.23,6.943,0.916,1.982,,,
Wardha,2000 - 2001,"1,40,400.00","1,59,400.00",1.14,10.851,23.529,17.052,6.446,0.655,1.894,,,
Wardha,2001 - 2002,"1,50,000.00","1,36,200.00",0.91,10.13,22.802,16.321,7.429,1.163,1.958,,,
Wardha,2002 - 2003,"1,36,200.00","1,29,300.00",0.95,10.859,23.565,17.218,6.735,1.051,1.946,,,
Wardha,2003 - 2004,"1,11,300.00","1,49,900.00",1.35,10.545,22.963,16.706,7.064,0.987,2,,,
Wardha,2004 - 2005,"99,800.00","1,28,800.00",1.29,10.921,23.272,16.837,7.064,0.644,2.038,,,
Wardha,2005 - 2006,"80,100.00","87,700.00",1.09,9.969,22.455,16.371,7.045,1.164,1.868,,,
Wardha,2006 - 2007,"83,900.00","1,11,900.00",1.33,10.949,22.469,16.647,7.975,0.931,1.666,,,
Wardha,2007 - 2008,"80,700.00","1,55,100.00",1.92,10.773,22.677,16.593,7.094,0.935,1.86,,,
Wardha,2008 - 2009,"68,500.00","83,800.00",1.22,10.348,22.954,16.526,7.118,0.768,1.809,,,
Wardha,2009 - 2010,"1,45,400.00","1,98,900.00",1.37,10.554,23.051,16.971,7.125,1.038,1.861,,,
Wardha,2010 - 2011,"1,90,600.00","2,63,000.00",1.38,10.988,22.615,17.056,7.959,0.923,1.959,,,
Wardha,2011 - 2012,"1,78,400.00","3,36,700.00",1.89,10.887,22.705,16.568,7.115,0.559,1.907,,,
Wardha,2012 - 2013,"1,72,400.00","3,24,900.00",1.88,10.447,22.852,16.805,7.228,0.677,1.934,,,
Wardha,2013 - 2014,"1,76,900.00","2,54,500.00",1.44,10.87,22.293,16.323,7.857,1.755,1.983,,,
Wardha,2014 - 2015,"2,07,700.00","1,84,600.00",0.89,10.845,23.54,17.109,6.749,0.486,1.889,,,
Wardha,2015 - 2016,"2,23,400.00","3,20,900.00",1.44,10.966,23.669,17.126,7.219,0.913,1.976,,,
Wardha,2016 - 2017,"2,40,500.00","7,18,900.00",2.99,10.455,22.854,16.622,7.157,1.138,1.889,,,
Wardha,2017 - 2018,"2,51,062.00","6,28,500.00",2.5,10.797,23.083,16.972,7.103,1.083,1.826,,,
Wardha,2018 - 2019,"2,43,002.00","6,55,247.00",2.7,10.735,23.376,17.053,7.062,0.89,1.813,,,
Wardha,2019 - 2020,"2,50,759.00","6,89,607.00",2.75,10.845,22.589,17.038,7.626,0.77,1.812,,,
Wardha,2020 - 2021,"2,43,500.00","5,94,900.00",2.44,10.199,21.899,16.303,7.905,1.151,1.74,,,
Wardha,2021 - 2022,"2,53,100.00","7,52,100.00",2.97,9.911,21.532,16.037,8.314,1.333,1.752,,,
Wardha,2022 - 2023,"2,54,370.99","6,25,617.97",2.46,10.687,22.619,16.668,7.685,0.896,1.74,,,
Washim,1999 - 2000,"1,19,900.00","1,06,700.00",0.89,10.159,22.693,16.258,0,0,0,,,
Washim,2000 - 2001,"1,05,700.00","53,500.00",0.51,10.86,23.134,16.958,0,0,0,,,
Washim,2001 - 2002,"98,200.00","88,400.00",0.9,10.699,22.797,16.463,0,0,0,,,
Washim,2002 - 2003,"86,000.00","72,600.00",0.84,11.205,23.443,17.24,0,0,0,,,
Washim,2003 - 2004,"75,200.00","62,500.00",0.83,10.784,22.912,16.784,0,0,0,,,
Washim,2004 - 2005,"67,800.00","48,600.00",0.72,10.99,22.968,16.732,0,0,0,,,
Washim,2005 - 2006,"66,800.00","69,700.00",1.04,10.406,22.014,16.252,0,0,0,,,
Washim,2006 - 2007,"62,200.00","62,900.00",1.01,11.077,22.101,16.397,0,0,0,,,
Washim,2007 - 2008,"60,300.00","1,49,200.00",2.47,10.969,22.348,16.473,0,0,0,,,
Washim,2008 - 2009,"52,400.00","45,200.00",0.86,10.461,22.616,16.452,0,0,0,,,
Washim,2009 - 2010,"45,000.00","60,900.00",1.35,10.768,22.928,16.943,0,0,0,,,
Washim,2010 - 2011,"62,000.00","1,28,700.00",2.08,11.197,22.404,16.976,0,0,0,,,
Washim,2011 - 2012,"64,000.00","1,03,900.00",1.62,11.216,22.732,16.805,0,0,0,,,
Washim,2012 - 2013,"56,700.00","88,000.00",1.55,10.76,22.825,16.922,0,0,0,,,
Washim,2013 - 2014,"34,500.00","37,300.00",1.08,10.902,21.746,16.213,0,0,0,,,
Washim,2014 - 2015,"20,200.00","16,800.00",0.83,10.873,23.444,17.14,0,0,0,,,
Washim,2015 - 2016,"18,700.00","19,600.00",1.05,11.36,23.832,17.439,0,0,0,,,
Washim,2016 - 2017,"18,400.00","37,500.00",2.04,10.592,22.699,16.53,0,0,0,,,
Washim,2017 - 2018,"19,252.00","17,700.00",0.92,11.022,23.118,16.984,0,0,0,,,
Washim,2018 - 2019,"19,679.00","35,638.00",1.81,10.93,23.298,17.108,0,0,0,,,
Washim,2019 - 2020,"21,440.00","36,081.00",1.68,11.435,22.513,17.135,0,0,0,,,
Washim,2020 - 2021,"21,800.00","81,800.00",3.75,10.831,21.817,16.434,0,0,0,,,
Washim,2021 - 2022,"18,200.00","60,400.00",3.32,10.505,21.367,16.109,0,0,0,,,
Washim,2022 - 2023,"19,518.47","41,327.47",2.12,10.809,22.46,16.629,0,0,0,,,
Yavatmal,1999 - 2000,"4,46,100.00","4,48,100.00",1,10.467,23.067,16.61,0,0,0,,,
Yavatmal,2000 - 2001,"4,47,700.00","2,38,200.00",0.53,11.113,23.334,17.212,0,0,0,,,
Yavatmal,2001 - 2002,"4,37,000.00","3,05,600.00",0.7,11.105,23.118,16.822,0,0,0,,,
Yavatmal,2002 - 2003,"4,03,300.00","3,13,600.00",0.78,11.69,23.635,17.559,0,0,0,,,
Yavatmal,2003 - 2004,"3,76,000.00","3,82,300.00",1.02,11.181,23.133,17.104,0,0,0,,,
Yavatmal,2004 - 2005,"3,32,800.00","2,86,300.00",0.86,11.337,23.136,17,0,0,0,,,
Yavatmal,2005 - 2006,"3,24,000.00","2,81,500.00",0.87,10.988,22.3,16.58,0,0,0,,,
Yavatmal,2006 - 2007,"4,13,500.00","4,92,200.00",1.19,11.427,22.376,16.701,0,0,0,,,
Yavatmal,2007 - 2008,"4,16,500.00","10,08,600.00",2.42,11.241,22.624,16.775,0,0,0,,,
Yavatmal,2008 - 2009,"3,79,400.00","7,11,800.00",1.88,10.827,22.852,16.787,0,0,0,,,
Yavatmal,2009 - 2010,"3,92,100.00","5,06,600.00",1.29,11.249,23.321,17.255,0,0,0,,,
Yavatmal,2010 - 2011,"4,79,800.00","7,75,900.00",1.62,11.51,22.712,17.287,0,0,0,,,
Yavatmal,2011 - 2012,"4,81,100.00","7,13,500.00",1.48,11.648,23.193,17.191,0,0,0,,,
Yavatmal,2012 - 2013,"4,67,600.00","9,81,400.00",2.1,11.043,23.111,17.185,0,0,0,,,
Yavatmal,2013 - 2014,"4,16,300.00","7,00,400.00",1.68,11.039,21.807,16.426,0,0,0,,,
Yavatmal,2014 - 2015,"4,21,000.00","2,87,400.00",0.68,11.205,23.641,17.349,0,0,0,,,
Yavatmal,2015 - 2016,"4,32,900.00","4,83,400.00",1.12,11.756,23.992,17.7,0,0,0,,,
Yavatmal,2016 - 2017,"4,20,700.00","10,97,900.00",2.61,10.937,22.729,16.659,0,0,0,,,
Yavatmal,2017 - 2018,"4,70,300.00","4,77,500.00",1.02,11.088,23.061,17.003,0,0,0,,,
Yavatmal,2018 - 2019,"4,59,532.00","8,44,084.00",1.84,11.136,23.364,17.202,0,0,0,,,
Yavatmal,2019 - 2020,"4,73,396.00","5,52,718.00",1.17,11.884,22.539,17.315,0,0,0,,,
Yavatmal,2020 - 2021,"4,73,400.00","7,62,000.00",1.61,11.208,21.814,16.602,0,0,0,,,
Yavatmal,2021 - 2022,"4,73,400.00","7,20,800.00",1.52,10.989,21.563,16.439,0,0,0,,,
Yavatmal,2022 - 2023,"4,67,608.19","5,69,835.59",1.22,11.266,22.821,16.951,0,0,0,,,
