District,Year,Area (Hectare),Production (Tonnes),Yield (Tonne/Hectare),MIN_TEMP,MAX_TEMP,AVG_TEMP,HUMIDITY,PRECIPITATION,WIND_SPEED,,
 Ahmednagar,1999 - 2000,800,700,0.88,17.202,34.24,24.63,15.284,3.498,3.854,,
 Ahmednagar,2000 - 2001,800,700,0.88,18.02,34.092,25.31,14.616,2.618,3.372,,
 Ahmednagar,2001 - 2002,200,100,0.5,17.366,34.114,24.814,15.494,3.312,3.658,,
 Ahmednagar,2002 - 2003,100,100,1,18.08,35.854,25.816,14.562,2.806,3.736,,
 Ahmednagar,2003 - 2004,100,200,2,18.39,35.39,25.72,15.488,3.886,3.86,,
 Ahmednagar,2004 - 2005,100,100,1,17.576,33.288,24.734,15.122,3.568,3.498,,
 Ahmednagar,2005 - 2006,100,100,1,17.512,33.006,24.194,15.548,5.882,3.72,,
 Ahmednagar,2006 - 2007,100,100,1,18.206,31.858,24.498,16.196,4.854,3.39,,
 Ahmednagar,2007 - 2008,100,100,1,17.222,32.948,24.502,15.488,4.014,3.468,,
 Ahmednagar,2008 - 2009,100,100,1,17.188,33.938,24.69,15.39,3.888,3.416,,
 Ahmednagar,2016 - 2017,"1,400.00",300,0.21,17.596,33.638,24.342,15.234,5.43,3.612,,
 Ahmednagar,2017 - 2018,"1,600.00","1,000.00",0.63,18.04,33.552,24.93,15.812,3.884,3.418,,
 Ahmednagar,2018 - 2019,"1,578.00",468,0.3,18.206,35.792,26.16,14.506,2.814,3.582,,
 Ahmednagar,2019 - 2020,"1,541.00",430,0.28,19.006,34.068,25.422,16.302,4.23,3.608,,
 Ahmednagar,2020 - 2021,"1,080.76",667.26,0.62,17.716,32.02,24.718,16.988,4.944,2.948,,
 Ahmednagar,2021 - 2022,921.41,"1,040.33",1.13,18.262,32.654,24.87,17.24,6.34,3.346,,
 Ahmednagar,2022 - 2023,426.97,243.89,0.57,17.286,32.766,24.212,16.092,7.032,3.372,,
Akola,1999 - 2000,"87,800.00","1,33,500.00",1.52,17.638,33.462,24.898,0,0,0,,
Akola,2000 - 2001,"86,100.00","1,42,500.00",1.66,18.64,35.884,26.426,0,0,0,,
Akola,2001 - 2002,"85,200.00","1,21,100.00",1.42,17.46,34.904,25.448,0,0,0,,
Akola,2002 - 2003,"83,100.00","1,62,500.00",1.96,18.376,35.886,26.484,0,0,0,,
Akola,2003 - 2004,"82,300.00","1,61,300.00",1.96,18.776,33.994,25.476,0,0,0,,
Akola,2004 - 2005,"82,200.00","1,08,300.00",1.32,18.232,35.312,26.242,0,0,0,,
Akola,2005 - 2006,"86,600.00","1,84,700.00",2.13,17.63,34.618,25.732,0,0,0,,
Akola,2006 - 2007,"84,500.00","2,05,800.00",2.44,19.022,33.35,25.724,0,0,0,,
Akola,2007 - 2008,"71,800.00","2,10,400.00",2.93,17.528,33.926,25.428,0,0,0,,
Akola,2008 - 2009,"46,500.00","1,02,800.00",2.21,17.854,34.94,25.652,0,0,0,,
Akola,2009 - 2010,"52,400.00","85,200.00",1.63,17.79,34.856,26.194,0,0,0,,
Akola,2010 - 2011,"51,200.00","39,400.00",0.77,19.162,33.688,26.208,0,0,0,,
Akola,2011 - 2012,"40,600.00","1,24,300.00",3.06,18.55,34.434,25.562,0,0,0,,
Akola,2012 - 2013,"41,600.00","71,800.00",1.73,17.8,34.106,25.484,0,0,0,,
Akola,2013 - 2014,"36,800.00","21,800.00",0.59,18.284,33.222,24.786,0,0,0,,
Akola,2014 - 2015,"12,500.00","15,100.00",1.21,19.098,36.886,27.16,0,0,0,,
Akola,2015 - 2016,"11,400.00","10,300.00",0.9,18.658,35.676,26.65,0,0,0,,
Akola,2016 - 2017,"11,300.00","16,700.00",1.48,18.11,33.772,25.298,0,0,0,,
Akola,2017 - 2018,"10,619.00","9,800.00",0.92,18.456,34.274,25.796,0,0,0,,
Akola,2018 - 2019,"9,825.00","13,373.00",1.36,18.414,35.558,26.124,0,0,0,,
Akola,2019 - 2020,"9,512.00","7,759.00",0.82,19.688,34.044,26.282,0,0,0,,
Akola,2020 - 2021,"6,973.00","5,376.39",0.77,18.458,33.258,25.54,0,0,0,,
Akola,2021 - 2022,"5,175.29","1,429.42",0.28,18.256,33.04,25.296,0,0,0,,
Akola,2022 - 2023,"2,243.27","1,219.89",0.54,17.932,33.266,25,0,0,0,,
Amravati,1999 - 2000,"1,17,000.00","1,30,600.00",1.12,17.526,33.558,25.006,15.37,4.564,3.77,,
Amravati,2000 - 2001,"1,18,700.00","1,70,100.00",1.43,18.672,35.798,26.388,13.992,2.764,3.474,,
Amravati,2001 - 2002,"1,09,000.00","1,52,800.00",1.4,17.384,34.344,25.318,15.31,3.868,3.568,,
Amravati,2002 - 2003,"1,02,900.00","1,44,000.00",1.4,18.236,35.574,26.39,14.368,3.008,3.916,,
Amravati,2003 - 2004,"1,00,200.00","1,43,100.00",1.43,18.834,34.078,25.584,15.72,4.314,3.93,,
Amravati,2004 - 2005,"92,800.00","88,700.00",0.96,18.27,35.556,26.266,14.832,3.158,3.504,,
Amravati,2005 - 2006,"94,100.00","1,23,800.00",1.32,17.436,34.396,25.718,14.968,4.972,3.85,,
Amravati,2006 - 2007,"94,700.00","1,11,500.00",1.18,19.058,33.43,25.822,16.148,5.138,3.418,,
Amravati,2007 - 2008,"77,900.00","1,05,800.00",1.36,17.57,33.918,25.396,15.21,4.094,3.432,,
Amravati,2008 - 2009,"40,300.00","36,700.00",0.91,17.668,34.544,25.464,15.092,3.596,3.438,,
Amravati,2009 - 2010,"49,100.00","52,700.00",1.07,17.838,34.674,26.262,15.186,4.314,3.808,,
Amravati,2010 - 2011,"48,400.00","51,700.00",1.07,19.264,33.686,26.278,16.888,5.118,3.632,,
Amravati,2011 - 2012,"39,700.00","58,300.00",1.47,18.502,34.466,25.564,15.47,3.796,3.588,,
Amravati,2012 - 2013,"37,700.00","49,000.00",1.3,17.7,34.044,25.448,15.652,4.864,3.614,,
Amravati,2013 - 2014,"35,200.00","22,700.00",0.64,18.38,33.314,24.838,16.45,6.722,3.816,,
Amravati,2014 - 2015,"26,800.00","27,400.00",1.02,19.156,36.904,27.182,14.32,3.424,4.068,,
Amravati,2015 - 2016,"25,400.00","18,500.00",0.73,18.72,35.436,26.584,15.254,3.374,3.63,,
Amravati,2016 - 2017,"23,900.00","29,400.00",1.23,18.116,33.752,25.394,15.068,5.452,3.636,,
Amravati,2017 - 2018,"18,341.00","17,500.00",0.95,18.646,34.498,26.064,15.558,3.392,3.538,,
Amravati,2018 - 2019,"16,391.00","11,716.00",0.71,18.556,35.462,26.168,14.582,3.618,3.484,,
Amravati,2019 - 2020,"13,918.00","4,649.00",0.33,19.616,34.308,26.416,16.172,4.172,3.762,,
Amravati,2020 - 2021,"13,925.00","11,137.00",0.8,18.274,33.088,25.53,16.72,4.376,2.89,,
Amravati,2021 - 2022,"14,696.32","12,337.56",0.84,18.172,33.114,25.338,17.076,6.422,3.392,,
Amravati,2022 - 2023,"11,144.73","5,359.50",0.48,17.9,33.488,25.128,16.006,7.224,3.494,,
Aurangabad,1999 - 2000,"28,000.00","36,100.00",1.29,19.296,34.818,26.174,15.292,2.464,4.784,,
Aurangabad,2000 - 2001,"27,200.00","24,400.00",0.9,19.804,33.708,26.344,15.92,2.9,4.004,,
Aurangabad,2001 - 2002,"25,900.00","27,500.00",1.06,19.672,34.564,26.442,16.024,3.784,4.49,,
Aurangabad,2002 - 2003,"24,400.00","34,400.00",1.41,19.904,36.144,27.07,15.5,3.176,4.334,,
Aurangabad,2003 - 2004,"17,900.00","23,800.00",1.33,20.1,35.19,26.704,15.788,2.928,4.458,,
Aurangabad,2004 - 2005,"10,600.00","12,900.00",1.22,19.698,33.884,26.256,16.08,3.836,4.19,,
Aurangabad,2005 - 2006,"10,200.00","14,400.00",1.41,19.59,33.858,25.914,16.4,5.18,4.528,,
Aurangabad,2006 - 2007,"8,000.00","14,100.00",1.76,20.234,33.26,26.208,16.58,5.084,4.304,,
Aurangabad,2007 - 2008,"6,200.00","10,100.00",1.63,19.276,33.302,25.712,16.236,4.514,4.22,,
Aurangabad,2008 - 2009,"4,000.00","7,100.00",1.78,19.13,34.09,26.252,15.804,3.724,4.416,,
Aurangabad,2009 - 2010,"8,300.00","13,000.00",1.57,19.554,34.888,26.784,16.234,3.396,4.74,,
Aurangabad,2010 - 2011,"7,100.00","14,800.00",2.08,20.6,33.462,26.392,17.432,5.194,4.178,,
Aurangabad,2011 - 2012,"5,900.00","11,600.00",1.97,20.012,34.7,26.656,15.682,2.598,4.648,,
Aurangabad,2012 - 2013,"5,900.00","6,300.00",1.07,19.216,34.694,26.456,15.65,3.734,4.46,,
Aurangabad,2013 - 2014,"3,600.00","6,500.00",1.81,19.67,32.72,25.664,16.624,4.698,4.62,,
Aurangabad,2014 - 2015,"3,700.00","1,700.00",0.46,20.224,36.046,27.372,15.458,2.89,4.584,,
Aurangabad,2015 - 2016,"3,400.00","1,400.00",0.41,20.452,35.624,27.284,15.718,2.852,4.384,,
Aurangabad,2016 - 2017,"3,600.00","3,900.00",1.08,19.39,33.768,25.752,15.62,3.812,4.328,,
Aurangabad,2017 - 2018,"3,300.00","4,800.00",1.45,20.014,33.93,26.3,16.508,3.572,4.066,,
Aurangabad,2018 - 2019,"1,827.00",855,0.47,20.012,35.61,27.162,15.01,1.826,4.428,,
Aurangabad,2019 - 2020,"1,302.00",408,0.31,21.144,34.45,26.93,16.936,4.156,4.268,,
Aurangabad,2020 - 2021,985.41,"1,452.83",1.47,19.876,32.856,26.164,17.468,6.232,3.914,,
Aurangabad,2021 - 2022,985.41,392.69,0.4,20.228,32.732,26.252,17.412,5.34,4.29,,
Aurangabad,2022 - 2023,447.84,342.33,0.76,19.284,33.15,25.766,16.65,4.712,4.096,,
 Beed,1999 - 2000,"75,200.00","88,900.00",1.18,18.786,35.286,26.026,14.704,2.144,5.042,,
 Beed,2000 - 2001,"80,200.00","1,04,700.00",1.31,19.036,33.112,25.576,15.03,2.566,4.582,,
 Beed,2001 - 2002,"67,600.00","43,400.00",0.64,18.978,34.31,25.952,15.188,2.846,4.9,,
 Beed,2002 - 2003,"68,900.00","83,300.00",1.21,19.332,36.038,26.536,14.642,1.868,4.806,,
 Beed,2003 - 2004,"68,500.00","53,500.00",0.78,19.304,35.314,26.37,14.732,1.806,4.918,,
 Beed,2004 - 2005,"55,900.00","33,700.00",0.6,18.856,33.812,25.804,14.842,2.028,4.712,,
 Beed,2005 - 2006,"53,000.00","42,800.00",0.81,19.01,33.196,25.194,16.054,3.934,4.43,,
 Beed,2006 - 2007,"50,800.00","55,200.00",1.09,19.712,33.228,25.702,15.77,2.968,4.798,,
 Beed,2007 - 2008,"41,000.00","36,000.00",0.88,18.492,33.024,25.034,15.646,4.28,4.318,,
 Beed,2008 - 2009,"34,800.00","23,500.00",0.68,18.46,33.956,25.818,14.972,2.502,4.626,,
 Beed,2009 - 2010,"32,400.00","23,400.00",0.72,18.972,34.306,26.124,15.694,2.852,5.016,,
 Beed,2010 - 2011,"33,600.00","43,600.00",1.3,19.768,33.43,25.846,16.184,3.134,4.53,,
 Beed,2011 - 2012,"28,800.00","32,800.00",1.14,19.694,34.978,26.486,14.428,1.33,5.5,,
 Beed,2012 - 2013,"28,800.00","30,300.00",1.05,18.836,34.92,26.142,14.338,1.97,5.198,,
 Beed,2013 - 2014,"18,100.00","23,100.00",1.28,18.85,32.102,25.144,15.432,2.514,5.202,,
 Beed,2014 - 2015,"19,400.00","10,300.00",0.53,19.416,35.75,26.72,14.944,1.946,4.952,,
 Beed,2015 - 2016,"19,200.00","5,600.00",0.29,20.312,36.426,27.414,15.074,1.878,4.958,,
 Beed,2016 - 2017,"19,000.00","5,640.00",0.3,18.838,34.294,25.388,14.07,2.426,4.616,,
 Beed,2017 - 2018,"21,000.00","14,610.00",0.7,19.208,34.178,25.93,15.642,3.046,4.316,,
 Beed,2018 - 2019,"7,852.00","1,973.00",0.25,19.492,36.116,27.054,13.798,1.198,4.998,,
 Beed,2019 - 2020,"8,064.00","4,388.00",0.54,20.604,34.77,26.634,16.136,2.644,4.702,,
 Beed,2020 - 2021,"7,273.89","3,532.20",0.49,19.094,32.536,25.522,16.598,4.866,4.18,,
 Beed,2021 - 2022,"2,452.54",785.3,0.32,19.432,32.788,25.766,16.338,3.226,4.62,,
 Beed,2022 - 2023,"2,278.00","1,825.82",0.8,18.56,33.49,25.332,15.854,3.208,4.18,,
Bhandara,2002 - 2003,100,100,1,18.3,35.028,26.288,0,0,0,,
Bhandara,2003 - 2004,100,100,1,19.492,34.376,26.01,0,0,0,,
Buldhana,1999 - 2000,"1,30,900.00","2,44,500.00",1.87,17.916,34.098,25.168,14.782,3.97,4,,
Buldhana,2000 - 2001,"1,28,400.00","1,93,700.00",1.51,18.742,36.078,26.696,13.548,2.162,3.758,,
Buldhana,2001 - 2002,"1,29,700.00","1,71,200.00",1.32,17.846,35.714,25.936,14.624,3.056,3.874,,
Buldhana,2002 - 2003,"1,16,800.00","1,85,100.00",1.58,18.646,36.28,26.808,13.628,2.628,4.082,,
Buldhana,2003 - 2004,"1,08,000.00","1,78,800.00",1.66,19.016,34.662,25.802,14.86,3.448,4.184,,
Buldhana,2004 - 2005,"1,01,900.00","1,14,900.00",1.13,18.352,35.158,26.318,14.644,3.42,3.618,,
Buldhana,2005 - 2006,"93,500.00","98,100.00",1.05,18.014,34.896,25.828,14.8,5.128,4.02,,
Buldhana,2006 - 2007,"71,500.00","1,01,300.00",1.42,19.09,33.154,25.732,15.914,5.066,3.502,,
Buldhana,2007 - 2008,"60,600.00","1,12,900.00",1.86,17.776,33.914,25.578,15.01,3.784,3.538,,
Buldhana,2008 - 2009,"49,700.00","88,900.00",1.79,17.946,35.67,26.118,14.494,2.932,3.738,,
Buldhana,2009 - 2010,"50,000.00","87,600.00",1.75,17.944,35.238,26.362,14.934,4.098,4.008,,
Buldhana,2010 - 2011,"49,400.00","61,400.00",1.24,19.39,33.686,26.29,16.702,4.704,3.656,,
Buldhana,2011 - 2012,"48,200.00","85,500.00",1.77,18.808,34.636,25.766,15.082,3.594,3.788,,
Buldhana,2012 - 2013,"41,600.00","70,700.00",1.7,17.962,34.442,25.776,15,3.834,3.852,,
Buldhana,2013 - 2014,"44,600.00","38,200.00",0.86,18.248,33.122,24.868,16.018,5.45,4.032,,
Buldhana,2014 - 2015,"20,600.00","22,100.00",1.07,19.282,37.016,27.262,14.164,2.766,4.18,,
Buldhana,2015 - 2016,"20,400.00","12,700.00",0.62,18.866,36.284,27,14.524,3.254,3.84,,
Buldhana,2016 - 2017,"22,460.00","32,100.00",1.43,18.188,34,25.362,14.568,5.052,3.762,,
Buldhana,2017 - 2018,"20,202.00","18,600.00",0.92,18.48,34.256,25.782,15.378,4.186,3.522,,
Buldhana,2018 - 2019,"19,649.00","21,059.00",1.07,18.304,35.848,26.324,13.812,3.072,3.746,,
Buldhana,2019 - 2020,"10,449.00","1,645.00",0.16,19.878,34.056,26.332,16.136,5.158,3.834,,
Buldhana,2020 - 2021,"9,818.12","10,592.29",1.08,18.738,33.162,25.666,16.608,5.13,2.956,,
Buldhana,2021 - 2022,"9,793.66","10,906.22",1.11,18.488,33.364,25.544,16.564,5.966,3.568,,
Buldhana,2022 - 2023,"3,821.21","2,661.86",0.7,18.002,33.318,25.048,15.636,6.056,3.626,,
Chandrapur,1999 - 2000,"19,000.00","20,500.00",1.08,18.638,34.322,25.786,0,0,0,,
Chandrapur,2000 - 2001,"17,700.00","31,000.00",1.75,19.21,34.59,26.312,0,0,0,,
Chandrapur,2001 - 2002,"17,200.00","18,900.00",1.1,19.002,34.808,26.268,0,0,0,,
Chandrapur,2002 - 2003,"15,200.00","17,600.00",1.16,19.178,35.48,26.652,0,0,0,,
Chandrapur,2003 - 2004,"14,100.00","14,100.00",1,19.798,34.508,26.35,0,0,0,,
Chandrapur,2004 - 2005,"10,700.00","10,400.00",0.97,19.296,34.138,26.158,0,0,0,,
Chandrapur,2005 - 2006,"8,800.00","11,500.00",1.31,19.202,34.234,26,0,0,0,,
Chandrapur,2006 - 2007,"7,700.00","10,100.00",1.31,19.882,34.038,26.46,0,0,0,,
Chandrapur,2007 - 2008,"7,000.00","8,800.00",1.26,18.854,33.922,25.7,0,0,0,,
Chandrapur,2008 - 2009,"1,800.00","1,800.00",1,18.588,34.128,25.874,0,0,0,,
Chandrapur,2009 - 2010,900,600,0.67,19.144,35.058,26.738,0,0,0,,
Chandrapur,2010 - 2011,"2,100.00","1,300.00",0.62,20.124,34.486,26.836,0,0,0,,
Chandrapur,2011 - 2012,"2,500.00","1,800.00",0.72,19.732,34.978,26.618,0,0,0,,
Chandrapur,2012 - 2013,"2,700.00","2,600.00",0.96,18.018,34.802,26.072,0,0,0,,
Chandrapur,2013 - 2014,"2,700.00","2,100.00",0.78,19.114,32.374,25.448,0,0,0,,
Chandrapur,2014 - 2015,"2,800.00","11,100.00",3.96,19.136,36.364,27.032,0,0,0,,
Chandrapur,2015 - 2016,"2,700.00","1,800.00",0.67,20.014,35.216,27,0,0,0,,
Chandrapur,2016 - 2017,"2,700.00","1,000.00",0.37,19.052,33.568,25.466,0,0,0,,
Chandrapur,2017 - 2018,"2,200.00","1,300.00",0.59,19.476,34.082,26.164,0,0,0,,
Chandrapur,2018 - 2019,"1,966.00","1,157.00",0.59,19.298,34.848,26.376,0,0,0,,
Chandrapur,2019 - 2020,"2,029.00","1,559.00",0.77,21.058,34.722,26.954,0,0,0,,
Chandrapur,2020 - 2021,596.53,324.63,0.54,20.018,33.18,26.142,0,0,0,,
Chandrapur,2021 - 2022,531.21,324.09,0.61,20.078,33.212,26.176,0,0,0,,
Chandrapur,2022 - 2023,527.32,313.28,0.59,18.844,34.038,25.946,0,0,0,,
Dhule,1999 - 2000,"35,600.00","33,900.00",0.95,0,0,0,0,0,0,,
Dhule,2000 - 2001,"36,900.00","19,300.00",0.52,0,0,0,0,0,0,,
Dhule,2001 - 2002,"33,900.00","47,400.00",1.4,0,0,0,0,0,0,,
Dhule,2002 - 2003,"33,700.00","37,500.00",1.11,0,0,0,0,0,0,,
Dhule,2003 - 2004,"32,500.00","55,500.00",1.71,0,0,0,0,0,0,,
Dhule,2004 - 2005,"29,600.00","43,800.00",1.48,0,0,0,0,0,0,,
Dhule,2005 - 2006,"28,900.00","32,700.00",1.13,0,0,0,0,0,0,,
Dhule,2006 - 2007,"27,600.00","34,500.00",1.25,0,0,0,0,0,0,,
Dhule,2007 - 2008,"28,500.00","56,300.00",1.98,0,0,0,0,0,0,,
Dhule,2008 - 2009,"20,900.00","13,400.00",0.64,0,0,0,0,0,0,,
Dhule,2009 - 2010,"24,700.00","30,000.00",1.21,0,0,0,0,0,0,,
Dhule,2010 - 2011,"24,500.00","53,900.00",2.2,0,0,0,0,0,0,,
Dhule,2011 - 2012,"22,000.00","34,500.00",1.57,0,0,0,0,0,0,,
Dhule,2012 - 2013,"20,400.00","31,900.00",1.56,0,0,0,0,0,0,,
Dhule,2013 - 2014,"19,700.00","35,100.00",1.78,0,0,0,0,0,0,,
Dhule,2014 - 2015,"19,800.00","23,500.00",1.19,0,0,0,0,0,0,,
Dhule,2015 - 2016,"21,100.00","19,600.00",0.93,0,0,0,0,0,0,,
Dhule,2016 - 2017,"20,000.00","24,300.00",1.22,0,0,0,0,0,0,,
Dhule,2017 - 2018,"22,000.00","32,700.00",1.49,0,0,0,0,0,0,,
Dhule,2018 - 2019,"25,435.00","21,189.00",0.83,0,0,0,0,0,0,,
Dhule,2019 - 2020,"10,486.00","7,533.00",0.72,0,0,0,0,0,0,,
Dhule,2020 - 2021,"10,503.81","14,706.42",1.4,0,0,0,0,0,0,,
Dhule,2021 - 2022,"7,406.71","5,513.55",0.74,0,0,0,0,0,0,,
Dhule,2022 - 2023,"7,495.29","8,389.48",1.12,0,0,0,0,0,0,,
Gadchiroli,2017 - 2018,23,12,0.52,18.746,33.708,25.456,0,0,0,,
Gadchiroli,2019 - 2020,55,29,0.53,20.102,33.85,25.914,0,0,0,,
Gadchiroli,2020 - 2021,15.71,8.53,0.54,18.806,32.758,25.338,0,0,0,,
Gadchiroli,2021 - 2022,7.86,4.72,0.6,19.088,33.104,25.336,0,0,0,,
Gadchiroli,2022 - 2023,7.86,3.51,0.45,18.06,33.448,25.13,0,0,0,,
Gondia,1999 - 2000,"81,900.00","1,18,100.00",1.44,17.806,33.524,25.084,0,0,0,,
Gondia,2002 - 2003,100,100,1,18.124,34.602,25.894,0,0,0,,
Hingoli,2000 - 2001,"84,100.00","1,08,000.00",1.28,18.7,34.118,25.96,15.552,2.51,3.286,,
Hingoli,2001 - 2002,"77,100.00","96,400.00",1.25,18.076,34.568,25.52,15.888,2.492,3.56,,
Hingoli,2002 - 2003,"72,600.00","1,12,200.00",1.55,18.582,35.51,26.2,15.082,2.358,3.5,,
Hingoli,2003 - 2004,"71,000.00","1,07,900.00",1.52,18.702,34.14,25.634,16.096,4.23,3.544,,
Hingoli,2004 - 2005,"66,700.00","50,100.00",0.75,18.558,34.988,26.054,15.418,2.938,3.446,,
Hingoli,2005 - 2006,"56,500.00","76,400.00",1.35,18.002,33.462,25.186,16.174,6.132,3.702,,
Hingoli,2006 - 2007,"52,200.00","53,300.00",1.02,19.116,33.17,25.438,16.35,4.226,3.312,,
Hingoli,2007 - 2008,"55,200.00","87,600.00",1.59,17.78,33.234,24.996,15.87,3.62,3.416,,
Hingoli,2008 - 2009,"31,500.00","34,500.00",1.1,17.762,34.304,25.404,15.944,3.642,3.094,,
Hingoli,2009 - 2010,"44,800.00","49,600.00",1.11,18.288,34.602,26.182,16.022,3.078,3.656,,
Hingoli,2010 - 2011,"40,800.00","46,900.00",1.15,19.408,33.064,25.852,17.364,5.406,3.338,,
Hingoli,2011 - 2012,"42,900.00","53,700.00",1.25,19.118,34.174,25.732,15.348,2.338,3.584,,
Hingoli,2012 - 2013,"50,500.00","76,500.00",1.51,18.07,34.298,25.604,15.87,3.822,3.546,,
Hingoli,2013 - 2014,"46,900.00","46,500.00",0.99,18.192,31.916,24.608,16.942,6.03,3.636,,
Hingoli,2014 - 2015,"47,900.00","19,200.00",0.4,19.044,36.514,26.884,14.612,2.066,3.988,,
Hingoli,2015 - 2016,"47,800.00","18,700.00",0.39,19.832,36.516,27.512,15.24,2.168,3.516,,
Hingoli,2016 - 2017,"54,800.00","25,500.00",0.47,18.162,33.898,25.13,15.856,5.11,3.606,,
Hingoli,2017 - 2018,"56,997.00","33,800.00",0.59,19.062,35.082,26.336,16.652,4.532,3.318,,
Hingoli,2018 - 2019,"56,244.00","15,813.00",0.28,18.79,35.392,26.374,15.332,2.908,3.358,,
Hingoli,2019 - 2020,"44,716.00","31,643.00",0.71,19.906,34.238,26.466,16.732,4.038,3.448,,
Hingoli,2020 - 2021,"45,753.96","8,601.74",0.19,18.77,32.914,25.478,17.676,5.766,2.948,,
Hingoli,2021 - 2022,"42,176.56","15,213.08",0.36,18.308,32.452,25.208,17.824,6.276,3.166,,
Hingoli,2022 - 2023,"5,238.29","2,652.15",0.51,17.84,33.726,24.984,16.58,6.46,3.292,,
Jalgaon,1999 - 2000,"1,45,400.00","2,37,700.00",1.63,0,0,0,0,0,0,,
Jalgaon,2000 - 2001,"1,42,100.00","1,67,100.00",1.18,0,0,0,0,0,0,,
Jalgaon,2001 - 2002,"1,44,500.00","2,16,600.00",1.5,0,0,0,0,0,0,,
Jalgaon,2002 - 2003,"1,55,900.00","3,29,700.00",2.11,0,0,0,0,0,0,,
Jalgaon,2003 - 2004,"1,54,700.00","2,89,300.00",1.87,0,0,0,0,0,0,,
Jalgaon,2004 - 2005,"1,32,500.00","2,42,400.00",1.83,0,0,0,0,0,0,,
Jalgaon,2005 - 2006,"1,31,700.00","2,65,100.00",2.01,0,0,0,0,0,0,,
Jalgaon,2006 - 2007,"1,29,500.00","2,46,000.00",1.9,0,0,0,0,0,0,,
Jalgaon,2007 - 2008,"1,20,100.00","2,72,600.00",2.27,0,0,0,0,0,0,,
Jalgaon,2008 - 2009,"10,800.00","20,800.00",1.93,0,0,0,0,0,0,,
Jalgaon,2009 - 2010,"1,12,900.00","2,28,200.00",2.02,0,0,0,0,0,0,,
Jalgaon,2010 - 2011,"1,17,300.00","2,71,200.00",2.31,0,0,0,0,0,0,,
Jalgaon,2011 - 2012,"75,700.00","1,77,600.00",2.35,0,0,0,0,0,0,,
Jalgaon,2012 - 2013,"77,500.00","1,50,200.00",1.94,0,0,0,0,0,0,,
Jalgaon,2013 - 2014,"77,600.00","1,78,300.00",2.3,0,0,0,0,0,0,,
Jalgaon,2014 - 2015,"53,500.00","1,19,600.00",2.24,0,0,0,0,0,0,,
Jalgaon,2015 - 2016,"51,500.00","64,100.00",1.24,0,0,0,0,0,0,,
Jalgaon,2016 - 2017,"54,900.00","1,26,400.00",2.3,0,0,0,0,0,0,,
Jalgaon,2017 - 2018,"55,700.00","1,05,800.00",1.9,0,0,0,0,0,0,,
Jalgaon,2018 - 2019,"59,327.00","87,350.00",1.47,0,0,0,0,0,0,,
Jalgaon,2019 - 2020,"38,982.00","25,783.00",0.66,0,0,0,0,0,0,,
Jalgaon,2020 - 2021,"39,875.97","69,793.06",1.75,0,0,0,0,0,0,,
Jalgaon,2021 - 2022,"36,062.99","37,685.82",1.05,0,0,0,0,0,0,,
Jalgaon,2022 - 2023,"22,278.17","43,346.64",1.95,0,0,0,0,0,0,,
Jalna,1999 - 2000,"37,000.00","39,300.00",1.06,18.898,35.028,26.026,14.732,2.612,4.22,,
Jalna,2000 - 2001,"28,000.00","28,600.00",1.02,19.418,34.47,26.428,14.846,2.746,3.58,,
Jalna,2001 - 2002,"24,600.00","30,300.00",1.23,19.106,35.152,26.36,15.404,3.288,3.912,,
Jalna,2002 - 2003,"16,400.00","22,800.00",1.39,19.518,36.362,27.02,14.356,2.65,3.928,,
Jalna,2003 - 2004,"16,900.00","22,200.00",1.31,19.652,35.298,26.504,15.296,3.744,4.036,,
Jalna,2004 - 2005,"14,700.00","14,600.00",0.99,19.208,34.674,26.4,14.904,3.342,3.808,,
Jalna,2005 - 2006,"15,000.00","18,500.00",1.23,19.056,34.238,25.886,15.548,6.114,4.048,,
Jalna,2006 - 2007,"13,700.00","18,200.00",1.33,19.912,33.496,26.124,15.924,4.284,3.72,,
Jalna,2007 - 2008,"9,900.00","11,800.00",1.19,18.708,33.586,25.638,15.292,3.786,3.748,,
Jalna,2008 - 2009,"3,300.00","1,900.00",0.58,18.702,34.82,26.31,15.162,3.472,3.664,,
Jalna,2009 - 2010,"4,700.00","4,800.00",1.02,19.05,35.222,26.708,15.418,3.02,4.138,,
Jalna,2010 - 2011,"4,200.00","5,200.00",1.24,20.244,33.738,26.39,16.784,5.132,3.754,,
Jalna,2011 - 2012,"1,800.00","2,200.00",1.22,19.694,35.196,26.616,15.122,2.972,4.09,,
Jalna,2012 - 2013,"1,600.00","1,700.00",1.06,18.926,34.87,26.336,15.156,3.596,3.948,,
Jalna,2013 - 2014,"1,600.00","1,900.00",1.19,19.188,32.822,25.434,16.314,5.84,4.028,,
Jalna,2014 - 2015,"1,100.00",300,0.27,19.888,36.66,27.446,14.27,2.322,4.218,,
Jalna,2015 - 2016,"1,000.00",200,0.2,20.138,36.426,27.552,14.446,1.956,3.95,,
Jalna,2016 - 2017,"2,200.00","3,300.00",1.5,19.064,34.304,25.798,15.07,4.858,3.826,,
Jalna,2017 - 2018,200,46,0.23,19.532,34.498,26.336,15.608,3.374,3.714,,
Jalna,2018 - 2019,161,35,0.22,19.552,36.106,27.112,14.154,2.144,3.928,,
Jalna,2019 - 2020,163,177,1.09,20.732,34.672,26.898,16.25,4.01,3.856,,
Jalna,2020 - 2021,456.51,"1,084.84",2.38,19.474,33.234,26.068,16.904,5.176,3.312,,
Jalna,2021 - 2022,268.96,143.76,0.53,19.582,33.122,26.05,17.096,6.116,3.608,,
Jalna,2022 - 2023,331.65,315.8,0.95,18.824,33.576,25.604,15.892,6.298,3.594,,
Kolhapur,1999 - 2000,"13,100.00","24,300.00",1.85,18.27,30.85,23.992,15.666,7.564,4.182,,
Kolhapur,2000 - 2001,"12,400.00","19,600.00",1.58,18.65,30.846,24.12,15.706,6.094,3.786,,
Kolhapur,2001 - 2002,"10,600.00","21,900.00",2.07,18.724,31.056,24.21,15.558,4.646,4.36,,
Kolhapur,2002 - 2003,"9,100.00","16,600.00",1.82,19.476,32.694,24.744,15.602,4.748,3.938,,
Kolhapur,2003 - 2004,"7,700.00","12,400.00",1.61,19.112,32.924,24.944,15.748,4.98,4.032,,
Kolhapur,2004 - 2005,"8,000.00","17,200.00",2.15,18.806,31.042,24.226,15.554,4.95,4.04,,
Kolhapur,2005 - 2006,"8,000.00","9,500.00",1.19,18.6,30.626,23.918,16.156,9.45,4.248,,
Kolhapur,2006 - 2007,"9,100.00","9,800.00",1.08,19.66,29.996,24.212,16.664,7.604,4.19,,
Kolhapur,2007 - 2008,"8,400.00","15,300.00",1.82,18.358,30.88,24.046,16.18,9.338,4.108,,
Kolhapur,2008 - 2009,"8,700.00","18,200.00",2.09,18.618,31.388,24.286,15.714,5.434,4.226,,
Kolhapur,2009 - 2010,"7,600.00","15,900.00",2.09,18.808,30.516,24.33,16.41,8.974,4.294,,
Kolhapur,2010 - 2011,"8,000.00","15,100.00",1.89,19.624,30.992,24.618,17.05,9.378,3.888,,
Kolhapur,2011 - 2012,"7,400.00","16,800.00",2.27,18.892,30.726,24.322,15.994,6.584,4.526,,
Kolhapur,2012 - 2013,"7,300.00","17,900.00",2.45,18.288,31.904,24.45,15.702,5.822,4.092,,
Kolhapur,2013 - 2014,"6,600.00","12,200.00",1.85,19.142,30.234,24.04,16.254,7.95,4.426,,
Kolhapur,2014 - 2015,"6,000.00","10,900.00",1.82,18.908,32.496,24.67,16.04,6.448,4.14,,
Kolhapur,2015 - 2016,"5,700.00","10,100.00",1.77,19.76,32.87,25.176,16.066,5.126,3.864,,
Kolhapur,2016 - 2017,"6,000.00","9,800.00",1.63,18.146,31.598,23.632,15.222,8.782,3.938,,
Kolhapur,2017 - 2018,"4,900.00","8,600.00",1.76,19.012,31.004,24.316,16.356,7.024,3.782,,
Kolhapur,2018 - 2019,"3,109.00","4,437.00",1.43,18.344,31.468,24.47,15.628,7.3,3.84,,
Kolhapur,2019 - 2020,"2,970.00","3,215.00",1.08,20.234,31.402,24.72,17.054,11.198,3.956,,
Kolhapur,2020 - 2021,"3,114.86","4,844.41",1.56,19.35,30.096,24.312,17.052,10.608,3.596,,
Kolhapur,2021 - 2022,"2,362.87","4,292.86",1.82,19.204,29.852,24.444,17.2,10.968,3.818,,
Kolhapur,2022 - 2023,"1,186.47","2,041.92",1.72,18.256,30.876,23.976,16.294,8.244,3.686,,
Latur,1999 - 2000,"1,78,800.00","2,42,600.00",1.36,18.146,34.832,25.62,14.934,1.928,4.666,,
Latur,2000 - 2001,"1,79,700.00","2,24,900.00",1.25,18.232,32.59,25.002,15.702,2.79,4.144,,
Latur,2001 - 2002,"1,62,800.00","2,05,900.00",1.26,18.344,33.572,25.356,15.586,3.542,4.526,,
Latur,2002 - 2003,"1,57,500.00","2,50,200.00",1.59,18.724,35.834,26.014,15.302,2.584,4.226,,
Latur,2003 - 2004,"1,56,700.00","2,29,100.00",1.46,18.562,34.944,25.808,15.354,2.67,4.29,,
Latur,2004 - 2005,"1,39,700.00","1,37,800.00",0.99,18.204,33.632,25.4,15.458,2.382,4.232,,
Latur,2005 - 2006,"1,37,000.00","2,24,900.00",1.64,18.418,32.544,24.54,16.46,4.546,4.002,,
Latur,2006 - 2007,"1,38,400.00","1,80,900.00",1.31,19.14,32.936,25.154,16.184,3.438,4.31,,
Latur,2007 - 2008,"1,33,300.00","2,02,400.00",1.52,17.936,32.512,24.402,16.066,5.208,3.934,,
Latur,2008 - 2009,"1,25,700.00","1,30,600.00",1.04,17.834,33.644,25.32,15.36,2.776,4.242,,
Latur,2009 - 2010,"1,17,200.00","90,000.00",0.77,18.392,33.7,25.492,16.074,3.31,4.59,,
Latur,2010 - 2011,"1,23,600.00","1,76,700.00",1.43,18.97,32.954,25.382,16.704,3.934,4.086,,
Latur,2011 - 2012,"1,06,200.00","1,39,700.00",1.32,19.226,34.632,25.958,14.966,1.64,4.818,,
Latur,2012 - 2013,"99,900.00","1,66,000.00",1.66,18.284,34.448,25.684,14.826,2.846,4.582,,
Latur,2013 - 2014,"96,000.00","1,47,200.00",1.53,18.1,31.642,24.592,16.024,3.158,4.648,,
Latur,2014 - 2015,"88,300.00","94,600.00",1.07,18.66,34.996,26.02,15.318,2.654,4.45,,
Latur,2015 - 2016,"83,500.00","39,600.00",0.47,19.62,36.302,27.054,15.466,2.436,4.39,,
Latur,2016 - 2017,"87,800.00","77,600.00",0.88,18.104,33.686,24.728,14.694,2.496,4.294,,
Latur,2017 - 2018,"78,408.00","67,200.00",0.86,18.812,33.898,25.514,16.156,3.56,3.9,,
Latur,2018 - 2019,"79,498.00","56,006.00",0.7,18.972,36,26.652,14.208,1.522,4.678,,
Latur,2019 - 2020,"63,056.00","49,570.00",0.79,20.032,34.256,26.274,16.44,3.204,4.292,,
Latur,2020 - 2021,"56,343.09","47,244.73",0.84,18.616,31.948,24.972,17.076,6.018,3.71,,
Latur,2021 - 2022,"57,358.52","32,952.47",0.57,18.764,32.568,25.344,16.516,2.932,4.27,,
Latur,2022 - 2023,"7,068.54","2,090.17",0.3,18.032,33.23,24.894,16.166,3.328,3.95,,
Nagpur,1999 - 2000,"50,500.00","44,300.00",0.88,17.98,34.022,25.434,16.134,4.662,3.402,,
Nagpur,2000 - 2001,"47,500.00","43,900.00",0.92,18.718,35.616,26.514,15.108,3.67,3.01,,
Nagpur,2001 - 2002,"47,900.00","39,000.00",0.81,18.004,34.2,25.592,16.468,4.578,3.172,,
Nagpur,2002 - 2003,"46,500.00","43,700.00",0.94,18.414,35.36,26.46,15.342,3.586,3.432,,
Nagpur,2003 - 2004,"44,600.00","42,800.00",0.96,19.416,34.38,26.04,16.474,5.636,3.408,,
Nagpur,2004 - 2005,"40,500.00","29,400.00",0.73,18.7,35.42,26.254,15.624,3.848,3.118,,
Nagpur,2005 - 2006,"36,900.00","31,000.00",0.84,17.788,34.368,25.994,15.764,6.916,3.254,,
Nagpur,2006 - 2007,"33,000.00","34,400.00",1.04,19.306,33.994,26.304,16.598,5.676,3.034,,
Nagpur,2007 - 2008,"22,100.00","21,800.00",0.99,18.228,33.892,25.566,16.034,5.502,3.098,,
Nagpur,2008 - 2009,"17,200.00","14,400.00",0.84,17.884,34.334,25.526,16.188,5.042,2.994,,
Nagpur,2009 - 2010,"12,300.00","9,200.00",0.75,18.304,34.716,26.606,16.128,5.052,3.252,,
Nagpur,2010 - 2011,"12,900.00","9,500.00",0.74,19.298,34.072,26.738,17.36,6.606,3.108,,
Nagpur,2011 - 2012,"7,900.00","5,600.00",0.71,18.79,34.64,25.928,16.152,4.106,3.128,,
Nagpur,2012 - 2013,"6,200.00","5,100.00",0.82,17.78,34.598,25.774,16.212,6.516,3.25,,
Nagpur,2013 - 2014,"4,700.00","1,900.00",0.4,18.678,33.25,25.194,17.2,8.84,3.374,,
Nagpur,2014 - 2015,"3,900.00","2,300.00",0.59,18.942,36.76,27.08,15.316,4.606,3.578,,
Nagpur,2015 - 2016,"4,000.00","3,500.00",0.88,19.286,34.934,26.696,16.436,4.738,3.096,,
Nagpur,2016 - 2017,"2,200.00","1,500.00",0.68,18.534,33.908,25.66,16.096,7.07,3.196,,
Nagpur,2017 - 2018,"2,300.00","1,700.00",0.74,19.186,34.814,26.418,16.726,5.16,3.002,,
Nagpur,2018 - 2019,"2,238.00",982,0.44,18.878,34.898,26.22,15.64,4.426,3.166,,
Nagpur,2019 - 2020,"2,126.00",848,0.4,20.126,34.486,26.73,16.76,6.032,3.33,,
Nagpur,2020 - 2021,"1,719.97","1,180.86",0.69,18.686,33.112,25.758,17.372,5.056,2.616,,
Nagpur,2021 - 2022,"1,719.97","1,280.86",0.74,18.654,33.56,25.766,17.666,6.518,3.072,,
Nagpur,2022 - 2023,"1,115.02",545.81,0.49,18.314,33.882,25.652,16.456,7.574,3.026,,
Nanded,1999 - 2000,"2,02,200.00","2,65,500.00",1.31,0,0,0,0,0,0,,
Nanded,2000 - 2001,"2,09,000.00","2,56,600.00",1.23,0,0,0,0,0,0,,
Nanded,2001 - 2002,"1,81,200.00","2,10,700.00",1.16,0,0,0,0,0,0,,
Nanded,2002 - 2003,"1,71,900.00","2,79,500.00",1.63,0,0,0,0,0,0,,
Nanded,2003 - 2004,"1,64,200.00","2,14,400.00",1.31,0,0,0,0,0,0,,
Nanded,2004 - 2005,"1,65,300.00","2,12,700.00",1.29,0,0,0,0,0,0,,
Nanded,2005 - 2006,"1,70,700.00","1,33,400.00",0.78,0,0,0,0,0,0,,
Nanded,2006 - 2007,"1,70,100.00","1,62,100.00",0.95,0,0,0,0,0,0,,
Nanded,2007 - 2008,"1,67,800.00","1,95,200.00",1.16,0,0,0,0,0,0,,
Nanded,2008 - 2009,"1,11,300.00","1,05,400.00",0.95,0,0,0,0,0,0,,
Nanded,2009 - 2010,"1,25,100.00","91,600.00",0.73,0,0,0,0,0,0,,
Nanded,2010 - 2011,"1,26,500.00","1,33,500.00",1.06,0,0,0,0,0,0,,
Nanded,2011 - 2012,"1,29,300.00","1,67,400.00",1.29,0,0,0,0,0,0,,
Nanded,2012 - 2013,"1,29,400.00","1,57,600.00",1.22,0,0,0,0,0,0,,
Nanded,2013 - 2014,"88,300.00","71,300.00",0.81,0,0,0,0,0,0,,
Nanded,2014 - 2015,"88,300.00","28,600.00",0.32,0,0,0,0,0,0,,
Nanded,2015 - 2016,"87,100.00","32,300.00",0.37,0,0,0,0,0,0,,
Nanded,2016 - 2017,"95,000.00","35,300.00",0.37,0,0,0,0,0,0,,
Nanded,2017 - 2018,"88,397.00","57,800.00",0.65,0,0,0,0,0,0,,
Nanded,2018 - 2019,"88,197.00","61,106.00",0.69,0,0,0,0,0,0,,
Nanded,2019 - 2020,"35,699.00","22,518.00",0.63,0,0,0,0,0,0,,
Nanded,2020 - 2021,"35,702.00","23,192.96",0.65,0,0,0,0,0,0,,
Nanded,2021 - 2022,"32,444.49","14,700.60",0.45,0,0,0,0,0,0,,
Nanded,2022 - 2023,"19,395.07","8,694.81",0.45,0,0,0,0,0,0,,
Nandurbar,2000 - 2001,"36,600.00","25,100.00",0.69,0,0,0,0,0,0,,
Nandurbar,2001 - 2002,"34,800.00","43,200.00",1.24,0,0,0,0,0,0,,
Nandurbar,2002 - 2003,"32,600.00","36,700.00",1.13,0,0,0,0,0,0,,
Nandurbar,2003 - 2004,"30,200.00","48,300.00",1.6,0,0,0,0,0,0,,
Nandurbar,2004 - 2005,"29,700.00","28,200.00",0.95,0,0,0,0,0,0,,
Nandurbar,2005 - 2006,"13,300.00","17,200.00",1.29,0,0,0,0,0,0,,
Nandurbar,2006 - 2007,"28,200.00","27,300.00",0.97,0,0,0,0,0,0,,
Nandurbar,2007 - 2008,"26,900.00","49,400.00",1.84,0,0,0,0,0,0,,
Nandurbar,2008 - 2009,"27,200.00","50,700.00",1.86,0,0,0,0,0,0,,
Nandurbar,2009 - 2010,"27,700.00","36,200.00",1.31,0,0,0,0,0,0,,
Nandurbar,2010 - 2011,"27,600.00","45,000.00",1.63,0,0,0,0,0,0,,
Nandurbar,2011 - 2012,"25,200.00","60,100.00",2.38,0,0,0,0,0,0,,
Nandurbar,2012 - 2013,"27,100.00","53,900.00",1.99,0,0,0,0,0,0,,
Nandurbar,2013 - 2014,"28,600.00","38,200.00",1.34,0,0,0,0,0,0,,
Nandurbar,2014 - 2015,"31,400.00","33,500.00",1.07,0,0,0,0,0,0,,
Nandurbar,2015 - 2016,"29,800.00","29,900.00",1,0,0,0,0,0,0,,
Nandurbar,2016 - 2017,"34,500.00","52,300.00",1.52,0,0,0,0,0,0,,
Nandurbar,2017 - 2018,"39,500.00","59,500.00",1.51,0,0,0,0,0,0,,
Nandurbar,2018 - 2019,"40,154.00","48,494.00",1.21,0,0,0,0,0,0,,
Nandurbar,2019 - 2020,"29,017.00","33,754.00",1.16,0,0,0,0,0,0,,
Nandurbar,2020 - 2021,"30,916.37","48,072.76",1.55,0,0,0,0,0,0,,
Nandurbar,2021 - 2022,"26,829.36","35,929.87",1.34,0,0,0,0,0,0,,
Nandurbar,2022 - 2023,"20,421.04","24,058.03",1.18,0,0,0,0,0,0,,
Nashik,1999 - 2000,"14,200.00","15,100.00",1.06,18.332,33.7,24.944,15.294,4.768,3.924,,
Nashik,2000 - 2001,"12,500.00","10,400.00",0.83,18.96,35.27,26.206,13.95,3.188,3.53,,
Nashik,2001 - 2002,"12,000.00","10,700.00",0.89,18.506,34.502,25.376,15.262,4.362,3.664,,
Nashik,2002 - 2003,"9,200.00","11,200.00",1.22,19.056,35.518,26.186,14.314,3.164,3.87,,
Nashik,2003 - 2004,"6,900.00","4,600.00",0.67,19.154,33.602,25.228,15.878,5.89,3.818,,
Nashik,2004 - 2005,"6,500.00","8,000.00",1.23,18.498,33.51,25.278,15.138,4.146,3.462,,
Nashik,2005 - 2006,"3,700.00","3,500.00",0.95,18.066,33.336,24.966,15.096,7.302,3.78,,
Nashik,2006 - 2007,"2,500.00","2,000.00",0.8,18.868,32.102,25.032,16.126,5.946,3.396,,
Nashik,2007 - 2008,"1,800.00","1,400.00",0.78,18.252,32.628,24.94,15.376,5.448,3.436,,
Nashik,2008 - 2009,"1,100.00","1,400.00",1.27,18.038,33.67,25.14,15.318,4.876,3.524,,
Nashik,2009 - 2010,600,400,0.67,18.296,34.382,25.606,15.388,5.316,3.808,,
Nashik,2010 - 2011,"1,800.00","2,100.00",1.17,19.446,32.778,25.576,17.074,5.978,3.384,,
Nashik,2011 - 2012,"5,900.00","7,900.00",1.34,18.784,33.522,25.278,15.518,4.268,3.618,,
Nashik,2012 - 2013,"6,800.00","12,800.00",1.88,18.35,33.918,25.45,15.486,5.232,3.734,,
Nashik,2013 - 2014,"6,700.00","13,300.00",1.99,18.542,32.432,24.442,16.544,7.628,3.714,,
Nashik,2015 - 2016,800,700,0.88,18.882,34.92,26.01,15.496,4.9,3.548,,
Nashik,2016 - 2017,"1,100.00","2,100.00",1.91,18.324,33.82,24.874,15.042,5.9,3.566,,
Nashik,2017 - 2018,800,"1,100.00",1.38,18.976,33.662,25.354,15.774,5.184,3.344,,
Nashik,2018 - 2019,647,813,1.26,18.922,35.756,26.21,14.366,4.22,3.646,,
Nashik,2019 - 2020,707,369,0.52,19.976,33.134,25.488,16.566,6.766,3.71,,
Nashik,2020 - 2021,854.2,"1,306.67",1.53,18.43,32.536,25.3,16.844,5.16,2.834,,
Nashik,2021 - 2022,724.39,"1,060.87",1.46,18.892,32.718,25.206,16.858,6.044,3.546,,
Nashik,2022 - 2023,695.24,963.6,1.39,18.214,32.462,24.602,15.956,7.588,3.484,,
Osmanabad,1999 - 2000,"87,600.00","81,800.00",0.93,18.196,35.516,26.032,14.784,2.054,4.904,,
Osmanabad,2000 - 2001,"89,600.00","1,13,400.00",1.27,18.162,33.472,25.376,15.318,2.552,4.426,,
Osmanabad,2001 - 2002,"82,400.00","51,300.00",0.62,18.304,34.048,25.636,15.356,3.314,4.76,,
Osmanabad,2002 - 2003,"85,900.00","76,100.00",0.89,18.842,36.466,26.384,14.954,2.264,4.56,,
Osmanabad,2003 - 2004,"77,200.00","39,100.00",0.51,18.66,36.186,26.436,15,2.24,4.634,,
Osmanabad,2004 - 2005,"77,800.00","57,800.00",0.74,18.254,34.076,25.67,15.106,2.124,4.552,,
Osmanabad,2005 - 2006,"73,200.00","65,400.00",0.89,18.52,32.776,24.696,16.214,4.166,4.242,,
Osmanabad,2006 - 2007,"72,900.00","53,400.00",0.73,19.442,33.596,25.494,15.944,3.122,4.574,,
Osmanabad,2007 - 2008,"67,800.00","50,200.00",0.74,17.996,33.1,24.758,15.762,4.756,4.148,,
Osmanabad,2008 - 2009,"52,100.00","26,600.00",0.51,17.976,34.154,25.624,15.152,2.662,4.454,,
Osmanabad,2009 - 2010,"83,000.00","44,300.00",0.53,18.494,34.24,25.764,15.814,2.928,4.844,,
Osmanabad,2010 - 2011,"51,400.00","41,200.00",0.8,19.008,33.584,25.792,16.336,3.484,4.386,,
Osmanabad,2011 - 2012,"55,100.00","57,900.00",1.05,19.434,35.484,26.476,14.644,1.472,5.196,,
Osmanabad,2012 - 2013,"51,000.00","23,200.00",0.45,18.422,35.288,26.228,14.508,2.388,4.958,,
Osmanabad,2013 - 2014,"45,300.00","45,600.00",1.01,18.198,32.818,25.068,15.702,2.788,4.974,,
Osmanabad,2014 - 2015,"45,300.00","12,000.00",0.26,18.492,35.228,26.242,15.084,2.226,4.734,,
Osmanabad,2015 - 2016,"14,000.00","2,800.00",0.2,19.568,36.718,27.314,15.2,2.168,4.746,,
Osmanabad,2016 - 2017,"14,100.00","6,300.00",0.45,18.036,34.25,24.93,14.356,2.458,4.466,,
Osmanabad,2017 - 2018,"12,936.00","9,000.00",0.7,18.83,34.344,25.736,15.846,3.31,4.146,,
Osmanabad,2018 - 2019,"12,784.00","4,132.00",0.32,18.944,36.238,26.934,13.99,1.394,4.936,,
Osmanabad,2019 - 2020,"12,183.00","7,019.00",0.58,20.284,34.992,26.556,16.22,2.756,4.576,,
Osmanabad,2020 - 2021,"13,127.96","13,955.35",1.06,18.766,32.218,25.182,16.742,5.31,3.982,,
Osmanabad,2021 - 2022,"11,153.82","3,446.53",0.31,18.752,33.14,25.612,16.342,3.012,4.498,,
Osmanabad,2022 - 2023,"1,903.01",283.74,0.15,18.14,33.454,25.212,15.964,3.338,4.094,,
Parbhani,1999 - 2000,"1,01,400.00","1,37,400.00",1.36,17.824,34.27,25.186,14.994,2.368,4.326,,
Parbhani,2000 - 2001,"1,04,500.00","1,30,600.00",1.25,18.524,33.696,25.684,15.456,2.848,3.686,,
Parbhani,2001 - 2002,"1,04,800.00","1,35,400.00",1.29,17.994,34.222,25.338,15.69,3.224,4.016,,
Parbhani,2002 - 2003,"1,00,300.00","1,44,400.00",1.44,18.5,35.61,26.09,14.944,2.726,3.922,,
Parbhani,2003 - 2004,"1,01,700.00","1,27,800.00",1.26,18.604,34.456,25.64,15.672,3.766,3.99,,
Parbhani,2004 - 2005,"94,600.00","72,900.00",0.77,18.312,34.64,25.816,15.34,3.168,3.854,,
Parbhani,2005 - 2006,"92,100.00","1,00,800.00",1.09,18.01,33.212,24.954,15.994,5.84,4.06,,
Parbhani,2006 - 2007,"88,400.00","77,800.00",0.88,18.998,32.948,25.218,16.17,4.362,3.84,,
Parbhani,2007 - 2008,"74,000.00","1,06,000.00",1.43,17.774,33.082,24.834,15.796,4.182,3.764,,
Parbhani,2008 - 2009,"62,800.00","74,700.00",1.19,17.636,34.18,25.31,15.464,3.398,3.756,,
Parbhani,2009 - 2010,"62,200.00","52,700.00",0.85,18.192,34.514,25.952,15.8,3.09,4.236,,
Parbhani,2010 - 2011,"62,300.00","77,800.00",1.25,19.022,32.832,25.63,17.092,5.036,3.788,,
Parbhani,2011 - 2012,"60,000.00","79,000.00",1.32,18.972,34.016,25.606,15.308,2.674,4.182,,
Parbhani,2012 - 2013,"80,500.00","91,700.00",1.14,18.03,34.296,25.608,15.312,3.598,4.062,,
Parbhani,2013 - 2014,"79,300.00","87,100.00",1.1,18.02,31.534,24.512,16.458,5.26,4.148,,
Parbhani,2014 - 2015,"72,400.00","30,500.00",0.42,18.73,36.18,26.676,14.75,2.548,4.27,,
Parbhani,2015 - 2016,"41,000.00","9,000.00",0.22,19.906,36.726,27.602,15.058,2.296,4.014,,
Parbhani,2016 - 2017,"12,960.00","8,956.00",0.69,18.088,33.916,24.968,15.176,3.67,3.97,,
Parbhani,2017 - 2018,"12,175.00","5,278.00",0.43,18.986,35.204,26.286,16.028,3.324,3.77,,
Parbhani,2018 - 2019,"4,688.00","4,256.00",0.91,18.85,35.73,26.566,14.498,1.906,4.034,,
Parbhani,2019 - 2020,"4,992.00","3,236.00",0.65,19.818,34.21,26.388,16.478,4.024,3.878,,
Parbhani,2020 - 2021,"5,089.50","2,315.86",0.46,18.726,32.792,25.358,17.122,5.35,3.42,,
Parbhani,2021 - 2022,"6,446.40","2,555.35",0.4,18.226,32.274,25.088,17.188,5.41,3.734,,
Parbhani,2022 - 2023,"3,813.35","2,723.50",0.71,17.774,33.638,24.86,16.242,5.426,3.676,,
Pune,1999 - 2000,"3,200.00","2,800.00",0.88,16.964,32.06,23.702,14.074,2.758,4.69,,
Pune,2000 - 2001,"3,000.00","2,400.00",0.8,17.676,32.304,24.276,13.832,1.878,4.064,,
Pune,2001 - 2002,"3,200.00","2,200.00",0.69,17.36,32.184,23.94,14.412,2.704,4.556,,
Pune,2002 - 2003,"3,000.00","1,600.00",0.53,17.856,34.37,24.774,13.464,2.128,4.39,,
Pune,2003 - 2004,"2,900.00","4,600.00",1.59,17.824,33.706,24.752,14.024,1.932,4.562,,
Pune,2004 - 2005,"3,200.00","3,400.00",1.06,17.46,31.458,23.77,14.678,3.196,4.11,,
Pune,2005 - 2006,"3,200.00","3,300.00",1.03,17.404,31.676,23.476,14.878,4.572,4.494,,
Pune,2006 - 2007,"3,000.00","1,900.00",0.63,18.328,30.55,23.86,15.62,4.128,4.038,,
Pune,2007 - 2008,"3,000.00","2,400.00",0.8,17.096,31.636,23.86,14.718,3.238,4.14,,
Pune,2008 - 2009,"2,800.00","3,200.00",1.14,17.22,32.138,23.786,14.472,2.768,4.344,,
Pune,2009 - 2010,"9,900.00","10,400.00",1.05,17.482,31.778,24.196,14.926,3.522,4.602,,
Pune,2010 - 2011,"8,700.00","8,300.00",0.95,18.206,31.238,24.376,16.302,3.98,4.036,,
Pune,2011 - 2012,"5,500.00","5,500.00",1,17.686,31.262,23.86,14.734,2.844,4.578,,
Pune,2012 - 2013,"4,000.00","3,400.00",0.85,17.034,32.642,24.406,14.354,2.41,4.42,,
Pune,2013 - 2014,"3,200.00","2,700.00",0.84,17.83,31.436,23.766,15.44,4.016,4.606,,
Pune,2014 - 2015,"3,500.00","1,700.00",0.49,17.798,33.932,24.68,14.088,2.26,4.602,,
Pune,2015 - 2016,"1,400.00","1,000.00",0.71,18.584,33.776,24.996,14.318,2.734,4.286,,
Pune,2016 - 2017,"1,800.00",400,0.22,17.038,31.854,23.334,14.082,3.666,4.244,,
Pune,2017 - 2018,"1,700.00","1,600.00",0.94,17.868,31.924,24.02,15.06,3.33,4.01,,
Pune,2018 - 2019,"1,648.00","1,158.00",0.7,17.598,32.928,24.644,13.194,1.412,4.378,,
Pune,2019 - 2020,"1,571.00","1,275.00",0.81,18.8,32.47,24.504,15.738,3.552,4.32,,
Pune,2020 - 2021,"1,537.32",949.14,0.62,17.768,30.704,24.12,16.408,5.862,3.422,,
Pune,2021 - 2022,"1,472.53","1,662.59",1.13,18.27,30.854,24.118,16.14,3.996,4.19,,
Pune,2022 - 2023,164.3,50.47,0.31,17.092,31.448,23.562,15.218,4.52,4.034,,
Sangli,1999 - 2000,"1,26,600.00","1,59,500.00",1.26,17.126,33.41,24.418,14.618,2.85,5.206,,
Sangli,2000 - 2001,"1,31,900.00","1,69,100.00",1.28,17.958,32.994,24.584,14.646,2.962,4.676,,
Sangli,2001 - 2002,"1,12,300.00","52,700.00",0.47,17.512,33.286,24.542,14.66,2.28,5.346,,
Sangli,2002 - 2003,"1,07,300.00","59,600.00",0.56,18.374,34.946,25.362,14.354,1.788,5.028,,
Sangli,2003 - 2004,"50,800.00","15,500.00",0.31,18.028,35.502,25.528,14.53,1.724,5.132,,
Sangli,2004 - 2005,"1,12,800.00","2,05,000.00",1.82,17.67,32.77,24.518,14.57,2.276,4.99,,
Sangli,2005 - 2006,"1,11,100.00","96,600.00",0.87,17.602,32.212,23.872,15.476,4.364,4.926,,
Sangli,2006 - 2007,"1,13,900.00","86,300.00",0.76,18.794,31.874,24.382,15.768,3.692,5.06,,
Sangli,2007 - 2008,"1,04,000.00","86,400.00",0.83,17.24,32.468,24.15,15.3,4.274,4.838,,
Sangli,2008 - 2009,"40,400.00","26,200.00",0.65,17.484,33.37,24.55,14.654,2.378,5.126,,
Sangli,2009 - 2010,"90,700.00","77,200.00",0.85,17.61,32.56,24.558,15.536,3.912,5.228,,
Sangli,2010 - 2011,"87,200.00","1,08,700.00",1.25,18.414,32.588,24.836,16.118,3.832,4.772,,
Sangli,2011 - 2012,"60,400.00","45,300.00",0.75,17.952,32.768,24.692,14.802,2.316,5.578,,
Sangli,2012 - 2013,"55,800.00","26,600.00",0.48,17.506,34.272,25.092,14.452,2.146,5.222,,
Sangli,2013 - 2014,"61,800.00","53,300.00",0.86,17.988,32.284,24.326,15.288,3.016,5.42,,
Sangli,2014 - 2015,"52,100.00","55,600.00",1.07,17.714,34.806,25.158,14.884,2.58,5.146,,
Sangli,2015 - 2016,"68,600.00","32,200.00",0.47,18.972,34.784,25.808,14.888,1.786,4.984,,
Sangli,2016 - 2017,"66,000.00","66,200.00",1,17.252,33.32,23.904,14.076,3.132,4.816,,
Sangli,2017 - 2018,"53,800.00","44,900.00",0.83,17.98,33.02,24.562,15.454,3.484,4.55,,
Sangli,2018 - 2019,"42,688.00","34,078.00",0.8,17.39,33.552,25.012,14.398,2.804,4.78,,
Sangli,2019 - 2020,"45,618.00","39,364.00",0.86,19.156,33.062,24.85,16.32,4.62,4.73,,
Sangli,2020 - 2021,"49,805.76","68,291.96",1.37,18.092,31.516,24.314,16.346,4.96,4.412,,
Sangli,2021 - 2022,"39,563.00","46,628.95",1.18,18.002,31.668,24.54,16.39,4.536,4.724,,
Sangli,2022 - 2023,"20,010.69","12,872.88",0.64,17.172,31.998,24.024,15.626,3.9,4.39,,
Satara,1999 - 2000,"69,800.00","1,29,800.00",1.86,17.16,30.768,23.356,16.086,7.61,4.902,,
Satara,2000 - 2001,"66,700.00","1,17,100.00",1.76,17.748,31.29,23.768,16.186,5.996,4.346,,
Satara,2001 - 2002,"64,800.00","99,000.00",1.53,17.684,31.062,23.596,16.216,5.278,4.976,,
Satara,2002 - 2003,"67,100.00","1,08,400.00",1.62,18.106,33.014,24.198,16,5.544,4.526,,
Satara,2003 - 2004,"58,300.00","83,200.00",1.43,17.914,33.094,24.428,16.262,5.804,4.626,,
Satara,2004 - 2005,"63,900.00","1,10,300.00",1.73,17.862,30.798,23.558,16.222,6.478,4.684,,
Satara,2005 - 2006,"60,500.00","50,300.00",0.83,17.812,31.1,23.41,16.53,9.5,4.962,,
Satara,2006 - 2007,"59,300.00","37,600.00",0.63,18.722,29.804,23.656,17.1,8.974,4.732,,
Satara,2007 - 2008,"50,300.00","84,400.00",1.68,17.526,31.106,23.686,16.584,9.354,4.778,,
Satara,2008 - 2009,"45,500.00","83,200.00",1.83,17.67,31.342,23.61,16.304,6.316,4.912,,
Satara,2009 - 2010,"46,800.00","70,600.00",1.51,17.724,30.778,23.892,16.85,9.288,4.896,,
Satara,2010 - 2011,"44,600.00","76,100.00",1.71,18.672,30.842,24.206,17.686,10.388,4.406,,
Satara,2011 - 2012,"36,300.00","65,100.00",1.79,17.796,30.576,23.62,16.606,8.964,5.098,,
Satara,2012 - 2013,"32,500.00","56,400.00",1.74,17.266,31.588,23.956,16.292,7.156,4.714,,
Satara,2013 - 2014,"29,700.00","52,800.00",1.78,18.176,30.656,23.586,16.868,9.194,5.022,,
Satara,2014 - 2015,"23,400.00","35,900.00",1.53,18.002,33.43,24.352,16.382,6.514,4.796,,
Satara,2015 - 2016,"24,800.00","30,500.00",1.23,18.75,33.14,24.728,16.51,4.876,4.5,,
Satara,2016 - 2017,"24,400.00","25,300.00",1.04,17.102,31.112,23.018,15.854,9.48,4.606,,
Satara,2017 - 2018,"24,100.00","33,100.00",1.37,18.098,31.066,23.772,16.878,8.748,4.416,,
Satara,2018 - 2019,"24,312.00","27,154.00",1.12,17.56,31.696,24.072,16.242,7.582,4.4,,
Satara,2019 - 2020,"26,269.00","18,280.00",0.7,19.228,31.69,24.304,17.6,11.202,4.516,,
Satara,2020 - 2021,"19,760.00","32,207.91",1.63,18.318,30.02,23.938,17.66,9.518,4.034,,
Satara,2021 - 2022,"16,553.00","22,248.89",1.34,18.486,29.92,23.93,17.668,11.136,4.416,,
Satara,2022 - 2023,"12,638.80","18,153.11",1.44,17.29,30.632,23.46,16.714,8.376,4.35,,
Solapur,1999 - 2000,"2,100.00","1,300.00",0.62,17.75,35.332,25.654,0,0,0,,
Solapur,2000 - 2001,"2,100.00","1,600.00",0.76,18.166,34.028,25.404,0,0,0,,
Solapur,2001 - 2002,700,500,0.71,17.918,34.312,25.428,0,0,0,,
Solapur,2002 - 2003,"1,100.00",600,0.55,18.698,36.086,26.256,0,0,0,,
Solapur,2003 - 2004,400,100,0.25,18.454,36.582,26.524,0,0,0,,
Solapur,2004 - 2005,400,300,0.75,17.952,33.784,25.366,0,0,0,,
Solapur,2005 - 2006,400,300,0.75,18.17,33.14,24.646,0,0,0,,
Solapur,2006 - 2007,400,200,0.5,19.3,33.596,25.356,0,0,0,,
Solapur,2007 - 2008,200,200,1,17.724,33.58,24.862,0,0,0,,
Solapur,2008 - 2009,200,200,1,17.866,34.52,25.442,0,0,0,,
Solapur,2009 - 2010,100,44,0.44,18.172,34.168,25.55,0,0,0,,
Solapur,2010 - 2011,400,200,0.5,18.768,33.736,25.718,0,0,0,,
Solapur,2011 - 2012,400,300,0.75,18.884,35.04,26.022,0,0,0,,
Solapur,2012 - 2013,400,100,0.25,18.146,35.494,26.144,0,0,0,,
Solapur,2013 - 2014,500,200,0.4,18.146,33.298,25.11,0,0,0,,
Solapur,2014 - 2015,300,100,0.33,18.108,35.642,26.148,0,0,0,,
Solapur,2015 - 2016,200,,0,19.326,36.092,26.904,0,0,0,,
Solapur,2016 - 2017,200,80,0.4,17.726,34.538,24.796,0,0,0,,
Solapur,2018 - 2019,"3,688.00","1,819.00",0.49,18.18,35.606,26.332,0,0,0,,
Solapur,2019 - 2020,"3,648.00",929,0.25,19.978,34.922,26.064,0,0,0,,
Solapur,2020 - 2021,"3,112.67","1,921.76",0.62,18.556,32.626,25.108,0,0,0,,
Solapur,2021 - 2022,"1,199.19","1,353.97",1.13,18.398,33.19,25.382,0,0,0,,
Solapur,2022 - 2023,313.64,156.14,0.5,17.738,33.236,24.962,0,0,0,,
Wardha,1999 - 2000,"48,500.00","38,500.00",0.79,17.828,33.85,25.292,15.884,3.744,3.532,,
Wardha,2000 - 2001,"43,100.00","43,900.00",1.02,18.916,35.614,26.558,15.242,3.014,3.104,,
Wardha,2001 - 2002,"36,100.00","34,900.00",0.97,17.916,34.536,25.646,16.104,3.456,3.266,,
Wardha,2002 - 2003,"34,500.00","31,700.00",0.92,18.408,35.404,26.476,15.24,2.946,3.446,,
Wardha,2003 - 2004,"29,800.00","29,300.00",0.98,19.154,34.168,25.89,16.32,4.87,3.448,,
Wardha,2004 - 2005,"25,200.00","22,600.00",0.9,18.694,35.714,26.432,15.608,3.404,3.216,,
Wardha,2005 - 2006,"19,800.00","16,000.00",0.81,17.672,34.226,25.854,15.972,6.268,3.478,,
Wardha,2006 - 2007,"15,600.00","13,300.00",0.85,19.274,33.748,26.108,16.58,5.098,3.112,,
Wardha,2007 - 2008,"10,400.00","7,800.00",0.75,17.968,33.778,25.5,15.994,4.466,3.186,,
Wardha,2008 - 2009,"4,300.00","1,500.00",0.35,17.804,34.438,25.55,16.052,4.294,2.968,,
Wardha,2009 - 2010,"3,700.00","1,700.00",0.46,18.158,34.716,26.52,16.106,4.042,3.382,,
Wardha,2010 - 2011,"3,100.00","1,500.00",0.48,19.512,33.762,26.538,17.43,5.814,3.21,,
Wardha,2011 - 2012,"3,200.00","2,300.00",0.72,18.844,34.638,25.892,15.774,3.032,3.292,,
Wardha,2012 - 2013,"4,000.00","3,500.00",0.88,17.884,34.326,25.7,16.168,5.09,3.316,,
Wardha,2013 - 2014,"3,000.00",700,0.23,18.612,33.114,25.05,17.06,7.17,3.446,,
Wardha,2014 - 2015,"4,000.00","1,700.00",0.43,19.278,36.882,27.23,14.948,3.108,3.774,,
Wardha,2015 - 2016,"4,300.00","2,200.00",0.51,19.25,35.704,27.038,15.754,3.078,3.294,,
Wardha,2016 - 2017,"3,600.00","1,800.00",0.5,18.334,33.888,25.542,15.99,5.974,3.338,,
Wardha,2017 - 2018,"3,000.00","1,300.00",0.43,19.13,34.926,26.468,16.624,4.592,3.152,,
Wardha,2018 - 2019,"2,269.00",553,0.24,18.844,35.216,26.302,15.514,3.588,3.182,,
Wardha,2019 - 2020,747,167,0.22,19.944,34.538,26.744,16.726,4.316,3.356,,
Wardha,2020 - 2021,739.66,159.39,0.22,18.606,33.172,25.742,17.522,5.52,2.746,,
Wardha,2021 - 2022,651.65,139.65,0.21,18.368,33.242,25.586,17.778,6.588,3.068,,
Wardha,2022 - 2023,306.78,11.22,0.04,18.096,33.818,25.42,16.63,6.958,3.118,,
Washim,1999 - 2000,"71,600.00","96,100.00",1.34,18.148,34.16,25.436,0,0,0,,
Washim,2000 - 2001,"66,800.00","79,900.00",1.2,19,34.588,26.296,0,0,0,,
Washim,2001 - 2002,"66,300.00","80,800.00",1.22,18.476,35.04,25.91,0,0,0,,
Washim,2002 - 2003,"62,700.00","73,900.00",1.18,18.846,35.592,26.484,0,0,0,,
Washim,2003 - 2004,"59,300.00","77,200.00",1.3,19.01,34.124,25.876,0,0,0,,
Washim,2004 - 2005,"52,500.00","53,300.00",1.02,18.934,35.29,26.394,0,0,0,,
Washim,2005 - 2006,"49,100.00","55,400.00",1.13,18.202,33.666,25.508,0,0,0,,
Washim,2006 - 2007,"50,600.00","65,000.00",1.28,19.422,33.602,25.846,0,0,0,,
Washim,2007 - 2008,"40,600.00","60,100.00",1.48,18.1,33.422,25.29,0,0,0,,
Washim,2008 - 2009,"29,900.00","45,000.00",1.51,18.01,34.402,25.628,0,0,0,,
Washim,2009 - 2010,"25,600.00","38,900.00",1.52,18.564,34.882,26.514,0,0,0,,
Washim,2010 - 2011,"26,500.00","30,000.00",1.13,19.778,33.414,26.226,0,0,0,,
Washim,2011 - 2012,"17,700.00","20,400.00",1.15,19.452,34.618,26.156,0,0,0,,
Washim,2012 - 2013,"15,900.00","19,500.00",1.23,18.184,34.492,25.802,0,0,0,,
Washim,2013 - 2014,"15,000.00","8,100.00",0.54,18.496,32.172,24.888,0,0,0,,
Washim,2014 - 2015,"10,000.00","7,500.00",0.75,19.404,36.9,27.2,0,0,0,,
Washim,2015 - 2016,"9,600.00","4,300.00",0.45,20.102,36.624,27.732,0,0,0,,
Washim,2016 - 2017,"7,600.00","5,700.00",0.75,18.388,33.92,25.328,0,0,0,,
Washim,2017 - 2018,"8,554.00","4,100.00",0.48,19.328,35.082,26.492,0,0,0,,
Washim,2018 - 2019,"9,660.00","4,850.00",0.5,18.988,35.3,26.47,0,0,0,,
Washim,2019 - 2020,"6,004.00","2,141.00",0.36,20.226,34.42,26.71,0,0,0,,
Washim,2020 - 2021,"5,599.59","3,215.42",0.57,18.956,32.98,25.668,0,0,0,,
Washim,2021 - 2022,"6,441.91","4,895.21",0.76,18.628,32.636,25.476,0,0,0,,
Washim,2022 - 2023,364.11,170.19,0.47,18.104,33.944,25.288,0,0,0,,
Yavatmal,1999 - 2000,"1,53,500.00","1,84,200.00",1.2,18.598,34.664,26.028,0,0,0,,
Yavatmal,2000 - 2001,"1,54,400.00","1,70,200.00",1.1,19.456,35.052,26.73,0,0,0,,
Yavatmal,2001 - 2002,"1,45,500.00","1,59,200.00",1.09,19.18,35.78,26.638,0,0,0,,
Yavatmal,2002 - 2003,"1,39,400.00","1,64,600.00",1.18,19.424,35.842,26.976,0,0,0,,
Yavatmal,2003 - 2004,"1,29,100.00","1,32,800.00",1.03,19.666,34.462,26.404,0,0,0,,
Yavatmal,2004 - 2005,"1,15,100.00","1,13,000.00",0.98,19.468,35.34,26.79,0,0,0,,
Yavatmal,2005 - 2006,"1,15,000.00","88,400.00",0.77,18.866,33.994,25.98,0,0,0,,
Yavatmal,2006 - 2007,"83,500.00","82,000.00",0.98,19.916,34.118,26.488,0,0,0,,
Yavatmal,2007 - 2008,"81,700.00","88,400.00",1.08,18.79,33.794,25.778,0,0,0,,
Yavatmal,2008 - 2009,"74,400.00","72,000.00",0.97,18.518,34.586,26.104,0,0,0,,
Yavatmal,2009 - 2010,"71,600.00","37,600.00",0.53,19.232,35.42,26.99,0,0,0,,
Yavatmal,2010 - 2011,"68,500.00","52,400.00",0.76,20.17,34.042,26.818,0,0,0,,
Yavatmal,2011 - 2012,"67,000.00","86,100.00",1.29,20.044,35.334,26.89,0,0,0,,
Yavatmal,2012 - 2013,"59,600.00","68,700.00",1.15,18.374,34.838,26.218,0,0,0,,
Yavatmal,2013 - 2014,"48,300.00","15,600.00",0.32,18.942,32.304,25.396,0,0,0,,
Yavatmal,2014 - 2015,"43,100.00","19,200.00",0.45,19.692,37.322,27.628,0,0,0,,
Yavatmal,2015 - 2016,"42,100.00","17,100.00",0.41,20.588,36.662,28.018,0,0,0,,
Yavatmal,2016 - 2017,"29,900.00","13,500.00",0.45,18.83,33.91,25.564,0,0,0,,
Yavatmal,2017 - 2018,"22,546.00","12,100.00",0.54,19.62,34.79,26.564,0,0,0,,
Yavatmal,2018 - 2019,"14,471.00","4,845.00",0.33,19.37,35.278,26.724,0,0,0,,
Yavatmal,2019 - 2020,"14,057.00","4,393.00",0.31,20.874,34.724,27.114,0,0,0,,
Yavatmal,2020 - 2021,"14,057.03","5,299.64",0.38,19.584,32.91,26.012,0,0,0,,
Yavatmal,2021 - 2022,"14,057.03","3,538.15",0.25,19.514,32.778,25.998,0,0,0,,
Yavatmal,2022 - 2023,"4,901.09","1,093.43",0.22,18.654,34.212,25.854,0,0,0,,
