District,Year ,Area (Hectare),Production (Tonnes),Yield (Tonne/Hectare),MIN_TEMP,MAX_TEMP,AVG_TEMP,HUMIDITY,PRECIPITATION,WIND_SPEED
Ahmednagar,1999 - 2000,"5,700.00","8,000.00",1.4,15.058,33.912,23.736,13.072,2.448,3.672
Ahmednagar,2000 - 2001,"5,500.00","3,800.00",0.69,16.342,34.094,24.544,11.786,2.212,3.34
Ahmednagar,2001 - 2002,"7,300.00","4,100.00",0.56,15.498,33.71,23.922,13.27,2.45,3.722
Ahmednagar,2002 - 2003,"7,400.00","1,700.00",0.23,16.418,35.682,25.344,12.34,2.306,3.554
Ahmednagar,2003 - 2004,"7,600.00","5,900.00",0.78,16.558,35.418,25.106,13.54,3.302,3.68
Ahmednagar,2004 - 2005,"8,000.00","5,800.00",0.73,15.776,33.374,23.874,12.788,2.614,3.502
Ahmednagar,2005 - 2006,"8,000.00","3,500.00",0.44,15.464,32.47,23.072,13.51,4.234,3.542
Ahmednagar,2006 - 2007,"8,400.00","6,600.00",0.79,16.2,31.426,23.516,14.454,2.818,3.284
Ahmednagar,2007 - 2008,"8,600.00","10,200.00",1.19,15.826,33.394,23.876,13.496,2.276,3.378
Ahmednagar,2008 - 2009,"9,300.00","9,100.00",0.98,15.894,34.046,24.18,13.448,2.192,3.26
Ahmednagar,2009 - 2010,"7,400.00","2,800.00",0.38,15.696,33.19,24.13,13.788,3.124,3.656
Ahmednagar,2010 - 2011,"7,500.00","7,000.00",0.93,16.112,32.238,23.94,15.344,4.056,3.362
Ahmednagar,2011 - 2012,"7,900.00","7,800.00",0.99,16.204,33.464,24.144,13.194,2.578,3.592
Ahmednagar,2012 - 2013,"7,500.00","4,600.00",0.61,15.712,34.614,24.966,13.604,3.028,3.512
Ahmednagar,2013 - 2014,"7,900.00","19,000.00",2.41,15.618,32.16,23.274,14.778,5.592,3.704
Ahmednagar,2014 - 2015,"8,600.00","2,200.00",0.26,16.05,35.366,24.77,12.482,2.118,3.756
Ahmednagar,2015 - 2016,"14,000.00","17,200.00",1.23,16.96,35.59,25.548,12.954,1.9,3.652
Ahmednagar,2016 - 2017,"15,000.00","26,200.00",1.75,15.652,33.888,23.55,13.068,3.708,3.39
Ahmednagar,2017 - 2018,"16,200.00","37,300.00",2.3,15.864,33.262,23.936,13.5,3.112,3.49
Ahmednagar,2018 - 2019,"16,245.00","6,711.00",0.41,15.938,35.444,25.252,12.64,2.508,3.554
Ahmednagar,2019 - 2020,"17,331.00","19,469.00",1.12,17.122,33.486,24.606,14.84,2.898,3.442
Ahmednagar,2020 - 2021,"17,595.34","33,172.49",1.89,15.458,31.43,23.66,15.028,3.77,2.952
Ahmednagar,2021 - 2022,"19,551.47","37,007.02",1.89,16.24,32.226,23.9,15.582,4.15,3.186
Ahmednagar,2022 - 2023,"20,579.65","34,228.07",1.66,15.262,32.446,23.52,14.562,5.628,3.238
Amravati,1999 - 2000,"8,800.00","5,600.00",0.64,14.762,33.318,23.62,13.224,3.102,3.516
Amravati,2000 - 2001,"8,900.00","4,400.00",0.49,16.676,35.876,25.514,11.1,2.504,3.36
Amravati,2001 - 2002,"10,300.00","9,700.00",0.94,15.164,33.954,24.076,13.114,3.094,3.552
Amravati,2002 - 2003,"11,000.00","7,200.00",0.65,16.556,35.858,25.91,12.052,2.506,3.614
Amravati,2003 - 2004,"10,200.00","6,000.00",0.59,16.11,34.12,24.402,13.728,3.594,3.66
Amravati,2004 - 2005,"9,600.00","4,200.00",0.44,16.17,35.622,25.216,12.324,2.408,3.488
Amravati,2005 - 2006,"10,200.00","5,000.00",0.49,15.234,33.81,24.28,12.746,3.392,3.694
Amravati,2006 - 2007,"8,500.00","4,600.00",0.54,16.992,33.268,24.806,14.316,3.292,3.316
Amravati,2007 - 2008,"6,300.00","5,200.00",0.83,16.016,34.352,24.466,13.1,2.532,3.384
Amravati,2008 - 2009,"4,500.00","1,800.00",0.4,16.036,34.872,24.788,12.934,1.916,3.272
Amravati,2009 - 2010,"4,300.00","6,200.00",1.44,15.824,34.138,25.066,13.414,3.776,3.666
Amravati,2010 - 2011,"3,800.00","2,800.00",0.74,17.048,33.21,24.954,15.128,3.95,3.498
Amravati,2011 - 2012,"4,100.00","3,100.00",0.76,16.614,34.79,24.664,13.222,2.604,3.424
Amravati,2012 - 2013,"3,800.00","1,500.00",0.39,15.334,34.3,24.496,13.732,3.348,3.544
Amravati,2013 - 2014,"4,700.00",800,0.17,16.072,32.946,23.562,14.57,5.878,3.678
Amravati,2014 - 2015,"5,300.00","1,600.00",0.3,16.782,37.19,26.048,12.032,2.506,3.834
Amravati,2015 - 2016,"5,600.00","1,200.00",0.21,16.942,35.904,25.88,12.84,2.422,3.596
Amravati,2016 - 2017,"6,900.00","4,600.00",0.67,15.818,33.942,24.206,12.804,4.304,3.37
Amravati,2017 - 2018,"8,900.00","3,000.00",0.34,16.364,34.422,24.9,13.08,2.622,3.604
Amravati,2018 - 2019,"7,258.00","2,942.00",0.41,15.884,35.234,25.084,12.53,3.222,3.418
Amravati,2019 - 2020,"6,168.00","1,186.00",0.19,16.112,33.706,25.038,14.552,3.038,3.614
Amravati,2020 - 2021,"6,168.00","3,643.55",0.59,15.75,32.734,24.092,14.656,3.464,2.98
Amravati,2021 - 2022,"6,484.64","3,273.45",0.5,15.078,32.576,23.894,15.228,4.186,3.228
Amravati,2022 - 2023,"6,736.20","2,626.44",0.39,15.558,33.35,24.044,14.38,5.896,3.328
Aurangabad,1999 - 2000,900,400,0.44,17.298,34.45,25.216,13.81,1.906,4.592
Aurangabad,2000 - 2001,600,400,0.67,18.122,33.814,25.578,14.136,2.444,4.02
Aurangabad,2001 - 2002,500,300,0.6,17.888,34.148,25.448,14.646,2.68,4.57
Aurangabad,2002 - 2003,600,200,0.33,18.404,35.846,26.408,14.158,2.754,4.214
Aurangabad,2003 - 2004,600,200,0.33,18.138,34.926,25.822,14.418,2.642,4.384
Aurangabad,2004 - 2005,300,200,0.67,17.908,33.74,25.356,14.468,2.66,4.218
Aurangabad,2005 - 2006,100,100,1,17.636,33.184,24.752,15.042,4.148,4.386
Aurangabad,2006 - 2007,100,100,1,18.398,32.672,25.218,15.356,3.82,4.198
Aurangabad,2016 - 2017,"6,500.00","3,100.00",0.48,17.56,33.952,24.95,14.164,2.27,4.116
Aurangabad,2019 - 2020,5,1,0.2,19.206,33.946,26.044,15.988,2.944,4.13
Aurangabad,2020 - 2021,0.25,0.76,3.04,17.704,32.242,25.044,16.214,4.692,3.824
Beed,1999 - 2000,"3,800.00","1,700.00",0.45,16.776,34.834,25.122,13.468,1.334,4.82
Beed,2000 - 2001,"3,400.00","2,000.00",0.59,17.394,33.158,24.808,13.484,1.962,4.624
Beed,2001 - 2002,"2,400.00","1,500.00",0.63,17.236,33.716,24.896,14.02,1.726,5
Beed,2002 - 2003,"2,400.00",600,0.25,17.954,35.534,25.69,13.478,1.574,4.608
Beed,2003 - 2004,"2,500.00","1,000.00",0.4,17.512,34.974,25.44,13.614,1.524,4.65
Beed,2004 - 2005,"2,300.00",600,0.26,17.224,33.508,24.922,13.268,1.172,4.682
Beed,2005 - 2006,"2,200.00",900,0.41,16.9,32.588,24.016,14.758,3.156,4.194
Beed,2006 - 2007,"2,000.00","1,500.00",0.75,18.02,32.448,24.718,14.602,2.066,4.764
Beed,2007 - 2008,"1,500.00",700,0.47,17.152,33.258,24.344,14.312,2.86,4.244
Beed,2008 - 2009,"1,000.00",400,0.4,17.214,33.866,25.154,13.824,1.764,4.514
Beed,2009 - 2010,600,200,0.33,17.06,33.762,25.22,14.638,1.538,4.978
Beed,2010 - 2011,800,300,0.38,17.742,33.016,24.772,14.96,2.472,4.392
Beed,2011 - 2012,600,300,0.5,18.108,34.93,25.85,13.336,1.208,5.202
Beed,2012 - 2013,600,300,0.5,17.138,35.022,25.516,13.314,1.374,5.01
Beed,2013 - 2014,500,300,0.6,17.028,31.718,24.032,13.806,1.286,5.166
Beed,2014 - 2015,400,100,0.25,17.758,35.674,25.886,13.662,1.504,4.75
Beed,2015 - 2016,300,0,0,18.704,36.256,26.834,13.83,0.978,4.958
Beed,2016 - 2017,100,70,0.7,17.024,34.166,24.64,12.522,1.596,4.292
Beed,2017 - 2018,65,30,0.46,17.43,34.06,24.99,14.144,2.046,4.364
Beed,2018 - 2019,29,9,0.31,17.388,35.66,26.2,12.766,0.776,4.858
Beed,2019 - 2020,16,2,0.13,18.99,34.022,25.802,15.338,1.59,4.536
Beed,2020 - 2021,17.25,52.56,3.05,17.172,31.796,24.434,15.51,3.056,4.03
Bhandara,1999 - 2000,"1,41,000.00","2,18,200.00",1.55,15.286,33.73,23.964,0,0,0
Bhandara,2000 - 2001,"1,38,800.00","1,39,700.00",1.01,16.22,35.312,25.254,0,0,0
Bhandara,2001 - 2002,"1,42,400.00","1,95,500.00",1.37,15.36,33.5,23.96,0,0,0
Bhandara,2002 - 2003,"1,68,600.00","1,90,500.00",1.13,16.882,35.392,25.658,0,0,0
Bhandara,2003 - 2004,"1,70,000.00","2,64,200.00",1.55,16.6,34.042,24.568,0,0,0
Bhandara,2004 - 2005,"1,64,100.00","1,19,700.00",0.73,16.344,35.066,24.814,0,0,0
Bhandara,2005 - 2006,"1,68,400.00","2,83,700.00",1.68,15.216,33.612,24.344,0,0,0
Bhandara,2006 - 2007,"1,75,800.00","2,55,000.00",1.45,17.458,33.866,25.236,0,0,0
Bhandara,2007 - 2008,"1,76,900.00","3,17,400.00",1.79,16.16,34.134,24.39,0,0,0
Bhandara,2008 - 2009,"1,75,100.00","1,26,200.00",0.72,15.94,34.29,24.446,0,0,0
Bhandara,2009 - 2010,"1,75,200.00","1,74,800.00",1,16.076,34.082,25.248,0,0,0
Bhandara,2010 - 2011,"1,81,500.00","2,58,800.00",1.43,16.946,33.394,25.28,0,0,0
Bhandara,2011 - 2012,"1,80,300.00","3,08,200.00",1.71,16.62,34.624,24.72,0,0,0
Bhandara,2012 - 2013,"1,77,200.00","3,60,500.00",2.03,15.344,34.8,24.662,0,0,0
Bhandara,2013 - 2014,"1,86,200.00","3,03,500.00",1.63,16.306,32.568,23.72,0,0,0
Bhandara,2014 - 2015,"1,88,600.00","3,05,400.00",1.62,16.33,36.42,25.486,0,0,0
Bhandara,2015 - 2016,"1,80,200.00","2,68,000.00",1.49,17.304,34.96,25.648,0,0,0
Bhandara,2016 - 2017,"1,68,400.00","3,46,800.00",2.06,16.018,33.596,24.248,0,0,0
Bhandara,2017 - 2018,"1,64,700.00","2,00,900.00",1.22,16.51,34.648,25.006,0,0,0
Bhandara,2018 - 2019,"1,65,010.00","3,51,437.00",2.13,15.928,34.348,24.842,0,0,0
Bhandara,2019 - 2020,"1,77,510.00","2,88,254.00",1.62,16.566,33.538,25.176,0,0,0
Bhandara,2020 - 2021,"1,77,821.85","3,59,897.03",2.02,15.806,32.586,24.16,0,0,0
Bhandara,2021 - 2022,"1,76,994.98","3,59,581.76",2.03,15.34,33.178,24.332,0,0,0
Bhandara,2022 - 2023,"1,77,018.89","3,78,850.48",2.14,16.112,33.694,24.516,0,0,0
Buldhana,1999 - 2000,200,100,0.5,15.212,33.772,23.81,12.532,2.704,3.804
Buldhana,2000 - 2001,200,200,1,16.654,35.954,25.844,10.766,1.88,3.654
Buldhana,2001 - 2002,200,200,1,15.784,35.016,24.724,12.454,2.258,3.872
Buldhana,2002 - 2003,100,100,1,16.744,36.532,26.358,11.366,1.982,3.84
Buldhana,2016 - 2017,10,4,0.4,15.88,34.298,24.196,12.32,3.86,3.51
Chandrapur,1999 - 2000,"1,40,600.00","2,11,500.00",1.5,16.338,34.394,24.728,0,0,0
Chandrapur,2000 - 2001,"1,44,800.00","1,19,200.00",0.82,17.168,34.868,25.386,0,0,0
Chandrapur,2001 - 2002,"1,52,700.00","2,20,500.00",1.44,16.766,34.774,25.074,0,0,0
Chandrapur,2002 - 2003,"1,42,100.00","1,08,300.00",0.76,17.85,35.824,26.134,0,0,0
Chandrapur,2003 - 2004,"1,42,700.00","2,06,900.00",1.45,17.48,34.202,25.102,0,0,0
Chandrapur,2004 - 2005,"1,42,500.00","1,07,200.00",0.75,17.198,34.172,25.056,0,0,0
Chandrapur,2005 - 2006,"1,30,500.00","2,06,400.00",1.58,16.776,33.574,24.626,0,0,0
Chandrapur,2006 - 2007,"1,36,300.00","1,88,700.00",1.38,18.118,33.698,25.47,0,0,0
Chandrapur,2007 - 2008,"1,61,300.00","2,51,700.00",1.56,16.92,34.392,24.812,0,0,0
Chandrapur,2008 - 2009,"1,57,700.00","1,33,700.00",0.85,16.9,34.39,25.214,0,0,0
Chandrapur,2009 - 2010,"1,12,600.00","69,700.00",0.62,17.074,34.888,25.76,0,0,0
Chandrapur,2010 - 2011,"1,14,300.00","1,60,100.00",1.4,17.794,34.01,25.582,0,0,0
Chandrapur,2011 - 2012,"1,58,100.00","1,99,900.00",1.26,17.884,35.356,25.876,0,0,0
Chandrapur,2012 - 2013,"1,58,200.00","2,50,500.00",1.58,16.116,34.972,25.24,0,0,0
Chandrapur,2013 - 2014,"1,60,200.00","2,11,300.00",1.32,16.78,31.86,24.118,0,0,0
Chandrapur,2014 - 2015,"1,41,800.00","1,06,700.00",0.75,17.07,36.446,26.092,0,0,0
Chandrapur,2015 - 2016,"1,37,400.00","1,13,200.00",0.82,18.316,35.682,26.5,0,0,0
Chandrapur,2016 - 2017,"1,36,400.00","2,34,000.00",1.72,17.008,33.612,24.398,0,0,0
Chandrapur,2017 - 2018,"1,29,400.00","92,700.00",0.72,16.956,33.878,24.868,0,0,0
Chandrapur,2018 - 2019,"1,32,251.00","2,32,195.00",1.76,16.826,34.956,25.5,0,0,0
Chandrapur,2019 - 2020,"1,38,598.00","1,93,610.00",1.4,18.614,34.094,25.886,0,0,0
Chandrapur,2020 - 2021,"1,42,764.59","1,94,685.78",1.36,17.328,32.724,24.854,0,0,0
Chandrapur,2021 - 2022,"1,43,676.03","2,49,044.55",1.73,17.274,32.882,25.076,0,0,0
Chandrapur,2022 - 2023,"1,49,246.85","2,48,433.75",1.66,16.884,34.254,25.274,0,0,0
Dhule,1999 - 2000,"4,900.00","4,700.00",0.96,0,0,0,0,0,0
Dhule,2000 - 2001,"4,900.00","1,800.00",0.37,0,0,0,0,0,0
Dhule,2001 - 2002,"4,900.00","5,600.00",1.14,0,0,0,0,0,0
Dhule,2002 - 2003,"5,200.00","4,200.00",0.81,0,0,0,0,0,0
Dhule,2003 - 2004,"5,000.00","6,900.00",1.38,0,0,0,0,0,0
Dhule,2004 - 2005,"5,100.00","5,400.00",1.06,0,0,0,0,0,0
Dhule,2005 - 2006,"5,100.00","5,000.00",0.98,0,0,0,0,0,0
Dhule,2006 - 2007,"5,100.00","2,100.00",0.41,0,0,0,0,0,0
Dhule,2007 - 2008,"4,400.00","3,500.00",0.8,0,0,,0,0,0
Dhule,2008 - 2009,"5,400.00","3,000.00",0.56,0,0,0,0,0,0
Dhule,2009 - 2010,"4,900.00","2,400.00",0.49,0,0,0,0,0,0
Dhule,2010 - 2011,"5,000.00","6,700.00",1.34,0,0,0,0,0,0
Dhule,2011 - 2012,"7,900.00","5,300.00",0.67,0,0,0,0,0,0
Dhule,2012 - 2013,"7,700.00","7,400.00",0.96,0,0,0,0,0,0
Dhule,2013 - 2014,"7,700.00","9,700.00",1.26,0,0,0,0,0,0
Dhule,2014 - 2015,100,0,0,0,0,0,0,0,0
Dhule,2015 - 2016,"2,300.00","2,700.00",1.17,0,0,0,0,0,0
Dhule,2016 - 2017,"6,400.00","10,500.00",1.64,0,0,0,0,0,0
Dhule,2017 - 2018,"7,000.00","14,100.00",2.01,0,0,0,0,0,0
Dhule,2018 - 2019,"6,870.00","9,305.00",1.35,0,0,0,0,0,0
Dhule,2019 - 2020,"6,838.00","9,742.00",1.42,0,0,0,0,0,0
Dhule,2020 - 2021,"6,830.00","8,480.13",1.24,0,0,0,0,0,0
Dhule,2021 - 2022,"6,983.93","8,236.14",1.18,0,0,0,0,0,0
Dhule,2022 - 2023,"7,275.66","12,358.44",1.7,0,0,0,0,0,0
Gadchiroli,1999 - 2000,"1,39,400.00","1,90,100.00",1.36,15.376,33.38,23.594,0,0,0
Gadchiroli,2000 - 2001,"1,38,400.00","1,07,300.00",0.78,16.186,34.41,24.436,0,0,0
Gadchiroli,2001 - 2002,"1,42,100.00","1,63,800.00",1.15,15.508,33.152,23.672,0,0,0
Gadchiroli,2002 - 2003,"1,42,600.00","74,900.00",0.53,16.896,35.098,25.066,0,0,0
Gadchiroli,2003 - 2004,"1,44,300.00","1,75,700.00",1.22,16.584,33.56,24.114,0,0,0
Gadchiroli,2004 - 2005,"1,45,200.00","1,25,200.00",0.86,16.038,33.194,23.802,0,0,0
Gadchiroli,2005 - 2006,"1,47,200.00","2,22,100.00",1.51,15.87,32.99,23.786,0,0,0
Gadchiroli,2006 - 2007,"1,40,000.00","2,06,100.00",1.47,17.368,33.04,24.526,0,0,0
Gadchiroli,2007 - 2008,"1,49,100.00","2,23,100.00",1.5,15.964,33.678,23.866,0,0,0
Gadchiroli,2008 - 2009,"1,51,400.00","1,26,000.00",0.83,16.034,33.592,24.046,0,0,0
Gadchiroli,2009 - 2010,"1,49,100.00","1,12,500.00",0.75,16.246,33.922,24.764,0,0,0
Gadchiroli,2010 - 2011,"1,56,800.00","2,33,200.00",1.49,16.814,33.418,24.7,0,0,0
Gadchiroli,2011 - 2012,"1,52,200.00","1,82,300.00",1.2,16.662,33.954,24.386,0,0,0
Gadchiroli,2012 - 2013,"1,51,400.00","2,28,800.00",1.51,15.15,34.252,24.192,0,0,0
Gadchiroli,2013 - 2014,"1,53,000.00","2,25,600.00",1.47,16.094,31.522,23.222,0,0,0
Gadchiroli,2014 - 2015,"1,52,800.00","2,01,600.00",1.32,15.79,35.226,24.648,0,0,0
Gadchiroli,2015 - 2016,"1,50,500.00","1,26,300.00",0.84,17.088,34.258,25.014,0,0,0
Gadchiroli,2016 - 2017,"1,48,300.00","2,74,900.00",1.85,16.196,33.01,23.648,0,0,0
Gadchiroli,2017 - 2018,"1,48,500.00","1,81,800.00",1.22,16.232,33.322,24.048,0,0,0
Gadchiroli,2018 - 2019,"1,50,119.00","2,69,686.00",1.8,15.804,33.944,24.31,0,0,0
Gadchiroli,2019 - 2020,"1,71,267.00","2,91,081.00",1.7,17.18,33.082,24.632,0,0,0
Gadchiroli,2020 - 2021,"1,71,321.16","2,73,230.69",1.59,16.114,32.194,23.922,0,0,0
Gadchiroli,2021 - 2022,"1,75,277.08","2,66,085.07",1.52,16.048,32.602,24.06,0,0,0
Gadchiroli,2022 - 2023,"1,78,684.75","3,21,665.03",1.8,15.912,33.41,24.214,0,0,0
Gondia,1999 - 2000,"15,000.00","9,000.00",0.6,15.164,33.158,23.57,0,0,0
Gondia,2000 - 2001,"1,81,800.00","1,56,100.00",0.86,15.906,34.366,24.662,0,0,0
Gondia,2001 - 2002,"1,77,800.00","2,31,400.00",1.3,15.298,32.666,23.428,0,0,0
Gondia,2002 - 2003,"1,68,400.00","1,64,200.00",0.98,16.746,34.92,25.226,0,0,0
Gondia,2003 - 2004,"1,70,000.00","2,55,000.00",1.5,16.384,33.476,24.168,0,0,0
Gondia,2004 - 2005,"1,62,500.00","97,600.00",0.6,16.012,33.844,24.038,0,0,0
Gondia,2005 - 2006,"1,77,800.00","2,71,200.00",1.53,15.292,32.984,23.888,0,0,0
Gondia,2006 - 2007,"1,87,000.00","2,09,200.00",1.12,17.386,32.926,24.704,0,0,0
Gondia,2007 - 2008,"1,92,500.00","3,19,000.00",1.66,15.886,33.43,23.83,0,0,0
Gondia,2008 - 2009,"1,85,100.00","1,30,900.00",0.71,15.87,33.528,23.92,0,0,0
Gondia,2009 - 2010,"1,81,900.00","1,97,500.00",1.09,16.118,33.564,24.908,0,0,0
Gondia,2010 - 2011,"1,78,200.00","3,06,000.00",1.72,16.69,33.1,24.876,0,0,0
Gondia,2011 - 2012,"1,72,800.00","2,94,800.00",1.71,16.338,33.658,24.116,0,0,0
Gondia,2012 - 2013,"1,77,500.00","3,34,600.00",1.89,14.936,34.062,24.132,0,0,0
Gondia,2013 - 2014,"1,88,100.00","2,92,500.00",1.56,16.176,31.814,23.278,0,0,0
Gondia,2014 - 2015,"1,74,700.00","3,40,600.00",1.95,15.874,35.386,24.726,0,0,0
Gondia,2015 - 2016,"1,72,100.00","2,63,600.00",1.53,17.034,34.088,25.05,0,0,0
Gondia,2016 - 2017,"1,73,200.00","4,23,300.00",2.44,16.004,32.936,23.786,0,0,0
Gondia,2017 - 2018,"1,38,500.00","2,18,500.00",1.58,16.398,33.728,24.38,0,0,0
Gondia,2018 - 2019,"1,28,536.00","3,21,010.00",2.5,15.638,33.494,24.29,0,0,0
Gondia,2019 - 2020,"1,51,992.00","3,02,721.00",1.99,16.496,32.786,24.622,0,0,0
Gondia,2020 - 2021,"1,52,861.58","3,00,671.33",1.97,15.862,31.92,23.81,0,0,0
Gondia,2021 - 2022,"1,53,446.30","3,10,499.37",2.02,15.526,32.57,23.926,0,0,0
Gondia,2022 - 2023,"1,90,841.17","4,89,692.62",2.57,15.798,33.214,24.112,0,0,0
Hingoli,2000 - 2001,"14,700.00","8,900.00",0.61,16.846,34.428,25.238,12.888,2.092,3.162
Hingoli,2001 - 2002,"14,500.00","9,700.00",0.67,16.136,34.34,24.48,13.758,1.992,3.56
Hingoli,2002 - 2003,"15,900.00","9,300.00",0.58,17.214,35.776,25.758,13.118,2.1,3.254
Hingoli,2003 - 2004,"9,500.00","4,800.00",0.51,16.55,34.364,24.682,14.316,3.732,3.346
Hingoli,2004 - 2005,"7,800.00","1,800.00",0.23,16.718,35.03,25.196,13.372,2.384,3.408
Hingoli,2005 - 2006,"4,500.00","1,500.00",0.33,15.684,32.95,23.822,14.338,4.522,3.41
Hingoli,2006 - 2007,"4,300.00","2,000.00",0.47,17.132,32.89,24.548,14.812,2.328,3.144
Hingoli,2007 - 2008,"4,100.00","1,900.00",0.46,16.442,33.704,24.23,14.068,1.84,3.224
Hingoli,2008 - 2009,500,300,0.6,16.432,34.534,24.784,14.24,2.258,2.884
Hingoli,2009 - 2010,"1,200.00",400,0.33,16.384,34.35,25.246,14.264,2.53,3.462
Hingoli,2010 - 2011,"1,100.00",700,0.64,17.328,32.712,24.672,15.856,3.858,3.218
Hingoli,2011 - 2012,600,200,0.33,17.278,34.642,25.022,13.156,1.924,3.392
Hingoli,2012 - 2013,600,200,0.33,16.036,34.738,24.978,14.158,2.824,3.408
Jalgaon,1999 - 2000,"1,800.00","1,700.00",0.94,0,0,0,0,0,0
Jalgaon,2000 - 2001,"1,700.00","2,100.00",1.24,0,0,0,0,0,0
Jalgaon,2001 - 2002,"1,200.00",700,0.58,0,0,0,0,0,0
Jalgaon,2002 - 2003,900,800,0.89,0,0,0,0,0,0
Jalgaon,2003 - 2004,900,"1,100.00",1.22,0,0,0,0,0,0
Jalgaon,2004 - 2005,400,400,1,0,0,0,0,0,0
Jalgaon,2005 - 2006,200,300,1.5,0,0,0,0,0,0
Jalgaon,2006 - 2007,100,100,1,0,0,0,0,0,0
Jalgaon,2007 - 2008,100,100,1,0,0,0,0,0,0
Jalgaon,2009 - 2010,200,100,0.5,0,0,0,0,0,0
Jalgaon,2011 - 2012,200,300,1.5,0,0,0,0,0,0
Jalna,1999 - 2000,"1,300.00",700,0.54,16.654,34.604,24.95,12.552,1.764,4.02
Jalna,2000 - 2001,"1,200.00",700,0.58,17.65,34.508,25.642,12.174,2.352,3.558
Jalna,2001 - 2002,600,400,0.67,17.238,34.598,25.278,13.29,2.404,4.006
Jalna,2002 - 2003,600,100,0.17,17.938,36.164,26.358,12.35,2.31,3.79
Jalna,2003 - 2004,700,300,0.43,17.532,35.226,25.592,13.446,3.242,3.878
Jalna,2004 - 2005,500,200,0.4,17.378,34.518,25.49,12.698,2.508,3.824
Jalna,2019 - 2020,11,2,0.18,18.456,34.058,25.906,14.938,2.666,3.656
Kolhapur,1999 - 2000,"1,03,200.00","2,61,900.00",2.54,16.788,31.578,23.782,13.996,6.93,4.078
Kolhapur,2000 - 2001,"1,06,300.00","2,32,800.00",2.19,17.21,31.33,23.72,13.782,5.216,3.884
Kolhapur,2001 - 2002,"1,05,900.00","2,89,400.00",2.73,17.548,31.642,24.032,13.95,4.096,4.434
Kolhapur,2002 - 2003,"1,05,600.00","2,33,200.00",2.21,18.43,33.196,24.626,13.978,4.428,3.806
Kolhapur,2003 - 2004,"1,06,200.00","2,46,100.00",2.32,17.822,33.538,24.808,13.982,4.528,3.824
Kolhapur,2004 - 2005,"1,10,500.00","2,79,100.00",2.53,17.458,31.744,23.992,13.654,4.208,4.134
Kolhapur,2005 - 2006,"1,08,300.00","2,46,100.00",2.27,17.052,30.922,23.412,14.574,7.344,3.994
Kolhapur,2006 - 2007,"1,09,800.00","2,84,800.00",2.59,18.144,30.146,23.736,15.142,6.076,4.166
Kolhapur,2007 - 2008,"1,11,900.00","3,36,200.00",3,17.122,31.698,23.766,14.768,7.286,3.936
Kolhapur,2008 - 2009,"1,13,800.00","2,85,200.00",2.51,17.492,31.904,24.126,14.272,3.906,4.096
Kolhapur,2009 - 2010,"1,12,700.00","2,91,800.00",2.59,17.494,30.58,23.91,15.28,7.324,4.21
Kolhapur,2010 - 2011,"1,11,500.00","3,21,600.00",2.88,17.774,30.876,23.914,15.838,7.748,3.732
Kolhapur,2011 - 2012,"1,04,300.00","2,78,900.00",2.67,17.612,31.564,24.238,14.39,5.262,4.336
Kolhapur,2012 - 2013,"1,07,800.00","2,82,200.00",2.62,17.17,32.63,24.364,14.312,4.906,3.846
Kolhapur,2013 - 2014,"1,08,800.00","3,39,600.00",3.12,17.482,30.792,23.624,14.588,6.412,4.344
Kolhapur,2014 - 2015,"1,10,900.00","3,35,200.00",3.02,17.44,32.666,24.272,14.716,5.76,3.956
Kolhapur,2015 - 2016,"1,11,500.00","2,73,300.00",2.45,18.582,33.602,25.242,14.688,4.3,3.848
Kolhapur,2016 - 2017,"1,13,800.00","3,96,000.00",3.48,16.694,32.656,23.54,13.53,7.758,3.798
Kolhapur,2017 - 2018,"1,09,200.00","3,33,300.00",3.05,17.46,31.058,23.746,14.85,4.95,3.87
Kolhapur,2018 - 2019,"1,06,512.00","3,27,615.00",3.08,17.068,31.928,24.286,14.238,6.462,3.822
Kolhapur,2019 - 2020,"1,11,359.00","2,70,993.00",2.43,19.268,31.69,24.496,16.298,8.95,3.662
Kolhapur,2020 - 2021,"1,01,775.35","3,41,243.79",3.35,17.76,30.13,23.906,15.93,8.114,3.526
Kolhapur,2021 - 2022,"95,182.00","3,19,462.31",3.36,17.892,29.936,23.982,16.318,9.81,3.44
Kolhapur,2022 - 2023,"94,433.27","2,90,546.82",3.08,16.992,31.466,23.876,15.3,6.588,3.54
Latur,1999 - 2000,"19,700.00","11,700.00",0.59,16.278,34.594,24.846,13.71,1.136,4.49
Latur,2000 - 2001,"20,800.00","13,000.00",0.63,16.648,32.88,24.312,14.264,2.236,4.136
Latur,2001 - 2002,"20,700.00","13,400.00",0.65,16.602,33.202,24.376,14.482,2.162,4.564
Latur,2002 - 2003,"20,700.00","9,200.00",0.44,17.496,35.492,25.272,14.298,2.312,4.05
Latur,2003 - 2004,"20,500.00","6,700.00",0.33,16.804,34.832,24.954,14.278,2.122,4.132
Latur,2004 - 2005,"19,900.00","6,200.00",0.31,16.674,33.536,24.678,14.04,1.45,4.23
Latur,2005 - 2006,"18,200.00","8,300.00",0.46,16.256,32.216,23.414,15.266,3.722,3.792
Latur,2006 - 2007,"15,900.00","6,600.00",0.42,17.548,32.352,24.296,15.082,2.112,4.244
Latur,2007 - 2008,"12,600.00","5,900.00",0.47,16.65,32.966,23.806,14.82,4.034,3.838
Latur,2008 - 2009,"3,900.00","1,400.00",0.36,16.54,33.81,24.714,14.294,1.922,4.136
Latur,2009 - 2010,"3,200.00","1,300.00",0.41,16.686,33.422,24.74,15.1,1.746,4.51
Latur,2010 - 2011,"6,300.00","2,800.00",0.44,17.066,32.742,24.434,15.526,3.19,3.978
Latur,2011 - 2012,"6,700.00","3,200.00",0.48,17.66,34.778,25.414,13.938,1.534,4.604
Latur,2012 - 2013,"8,300.00","5,000.00",0.6,16.688,34.824,25.222,13.872,2.102,4.486
Latur,2013 - 2014,"7,600.00","5,100.00",0.67,16.438,31.404,23.6,14.554,1.754,4.638
Latur,2014 - 2015,"5,800.00","1,100.00",0.19,17.114,35.326,25.374,14.132,1.942,4.252
Latur,2015 - 2016,"3,800.00",300,0.08,18.176,36.326,26.654,14.41,1.52,4.422
Latur,2016 - 2017,"3,300.00",900,0.27,16.34,33.86,24.128,13.218,1.64,3.966
Latur,2017 - 2018,"2,800.00",800,0.29,17.152,33.968,24.668,14.722,2.462,3.916
Latur,2018 - 2019,"1,945.00",404,0.21,16.994,35.61,25.908,13.316,0.838,4.62
Latur,2019 - 2020,879,71,0.08,18.568,34.012,25.662,15.656,1.644,4.15
Latur,2020 - 2021,907.55,595.63,0.66,16.758,31.336,23.95,15.994,3.7,3.592
Latur,2021 - 2022,611.36,209.99,0.34,17.154,32.322,24.528,15.686,2.66,3.946
Latur,2022 - 2023,350.61,136.7,0.39,16.526,33.422,24.43,15.41,2.628,3.856
Nagpur,1999 - 2000,"37,300.00","41,500.00",1.11,15.308,33.798,24.044,13.958,3.152,3.19
Nagpur,2000 - 2001,"37,500.00","37,100.00",0.99,16.496,35.67,25.474,12.106,3.134,2.974
Nagpur,2001 - 2002,"42,500.00","54,700.00",1.29,15.45,34.002,24.218,14.184,3.868,3.22
Nagpur,2002 - 2003,"42,600.00","40,200.00",0.94,16.958,35.702,25.866,12.974,3.018,3.204
Nagpur,2003 - 2004,"43,900.00","63,400.00",1.44,16.592,34.186,24.678,14.486,4.606,3.252
Nagpur,2004 - 2005,"43,100.00","41,200.00",0.96,16.458,35.43,25.08,13.17,3.192,3.192
Nagpur,2005 - 2006,"45,000.00","61,700.00",1.37,15.29,33.692,24.4,13.558,4.774,3.152
Nagpur,2006 - 2007,"46,000.00","69,100.00",1.5,17.424,33.81,25.242,14.662,3.514,2.942
Nagpur,2007 - 2008,"49,600.00","75,400.00",1.52,16.268,34.234,24.5,13.908,3.778,3.1
Nagpur,2008 - 2009,"57,500.00","54,600.00",0.95,16.046,34.568,24.656,14.052,3.374,2.888
Nagpur,2009 - 2010,"70,900.00","81,300.00",1.15,16.162,34.31,25.362,14.196,4.456,3.182
Nagpur,2010 - 2011,"71,400.00","70,100.00",0.98,17.074,33.51,25.326,15.512,4.802,3.008
Nagpur,2011 - 2012,"77,500.00","1,17,400.00",1.51,16.786,34.862,24.874,13.936,2.812,3.08
Nagpur,2012 - 2013,"67,000.00","1,00,200.00",1.5,15.42,34.78,24.738,14.246,4.47,3.194
Nagpur,2013 - 2014,"77,700.00","1,05,000.00",1.35,16.294,32.698,23.77,15.292,7.876,3.342
Nagpur,2014 - 2015,"78,800.00","95,500.00",1.21,16.574,36.822,25.804,13.168,3.252,3.464
Nagpur,2015 - 2016,"88,700.00","1,07,300.00",1.21,17.402,35.402,25.924,14.314,3.44,3.122
Nagpur,2016 - 2017,"87,600.00","1,70,200.00",1.94,16.028,33.79,24.278,13.876,5.314,3.042
Nagpur,2017 - 2018,"97,200.00","1,83,400.00",1.89,16.604,34.692,25.048,14.32,4.288,3.116
Nagpur,2018 - 2019,"98,186.00","2,03,262.00",2.07,16.064,34.754,25.026,13.682,3.882,3.138
Nagpur,2019 - 2020,"99,473.00","1,55,943.00",1.57,16.57,33.77,25.276,14.996,3.67,3.196
Nagpur,2020 - 2021,"98,040.08","2,13,591.45",2.18,15.852,32.67,24.242,15.23,4.108,2.734
Nagpur,2021 - 2022,"98,433.30","2,21,412.30",2.25,15.3,33.084,24.324,15.716,4.358,3.006
Nagpur,2022 - 2023,"99,422.87","1,99,559.80",2.01,16.078,33.812,24.554,14.692,6.08,2.954
Nanded,1999 - 2000,"26,100.00","15,600.00",0.6,0,0,0,0,0,0
Nanded,2000 - 2001,"26,700.00","20,100.00",0.75,0,0,0,0,0,0
Nanded,2001 - 2002,"23,900.00","24,400.00",1.02,0,0,0,0,0,0
Nanded,2002 - 2003,"24,100.00","15,300.00",0.63,0,0,0,0,0,0
Nanded,2003 - 2004,"23,300.00","13,400.00",0.58,0,0,0,0,0,0
Nanded,2004 - 2005,"16,400.00","8,200.00",0.5,0,0,0,0,0,0
Nanded,2005 - 2006,"15,600.00","6,700.00",0.43,0,0,0,0,0,0
Nanded,2006 - 2007,"15,600.00","9,400.00",0.6,0,0,0,0,0,0
Nanded,2007 - 2008,"14,500.00","10,500.00",0.72,0,0,0,0,0,0
Nanded,2008 - 2009,"8,000.00","4,200.00",0.53,0,0,0,0,0,0
Nanded,2009 - 2010,"5,600.00","1,500.00",0.27,0,0,0,0,0,0
Nanded,2010 - 2011,"5,200.00","2,700.00",0.52,0,0,0,0,0,0
Nanded,2011 - 2012,"4,000.00","1,500.00",0.38,0,0,0,0,0,0
Nanded,2012 - 2013,"4,000.00","2,100.00",0.53,0,0,0,0,0,0
Nanded,2013 - 2014,800,400,0.5,0,0,0,0,0,0
Nanded,2014 - 2015,800,100,0.13,0,0,0,0,0,0
Nanded,2015 - 2016,400,100,0.25,0,0,0,0,0,0
Nanded,2016 - 2017,200,100,0.5,0,0,0,0,0,0
Nanded,2017 - 2018,700,"1,000.00",1.43,0,0,0,0,0,0
Nanded,2018 - 2019,606,535,0.88,0,0,0,0,0,0
Nanded,2019 - 2020,582,400,0.69,0,0,0,0,0,0
Nanded,2020 - 2021,582.13,"1,561.63",2.68,0,0,0,0,0,0
Nanded,2021 - 2022,595.93,"1,342.47",2.25,0,0,0,0,0,0
Nanded,2022 - 2023,924,"1,831.05",1.98,0,0,0,0,0,0
Nandurbar,1999 - 2000,"1,79,400.00","2,29,400.00",1.28,0,0,0,0,0,0
Nandurbar,2000 - 2001,"21,000.00","4,900.00",0.23,0,0,0,0,0,0
Nandurbar,2001 - 2002,"20,000.00","12,300.00",0.62,0,0,0,0,0,0
Nandurbar,2002 - 2003,"19,800.00","14,500.00",0.73,0,0,0,0,0,0
Nandurbar,2003 - 2004,"22,400.00","17,700.00",0.79,0,0,0,0,0,0
Nandurbar,2004 - 2005,"21,200.00","9,700.00",0.46,0,0,0,0,0,0
Nandurbar,2005 - 2006,"19,700.00","30,900.00",1.57,0,0,0,0,0,0
Nandurbar,2006 - 2007,"20,000.00","16,900.00",0.85,0,0,0,0,0,0
Nandurbar,2007 - 2008,"21,000.00","31,200.00",1.49,0,0,0,0,0,0
Nandurbar,2008 - 2009,"20,400.00","21,900.00",1.07,0,0,0,0,0,0
Nandurbar,2009 - 2010,"18,700.00","12,900.00",0.69,0,0,0,0,0,0
Nandurbar,2010 - 2011,"23,400.00","24,700.00",1.06,0,0,0,0,0,0
Nandurbar,2011 - 2012,"19,400.00","31,700.00",1.63,0,0,0,0,0,0
Nandurbar,2012 - 2013,"19,500.00","28,400.00",1.46,0,0,0,0,0,0
Nandurbar,2013 - 2014,"22,500.00","20,300.00",0.9,0,0,0,0,0,0
Nandurbar,2014 - 2015,"18,200.00","9,000.00",0.49,0,0,0,0,0,0
Nandurbar,2015 - 2016,"18,900.00","17,300.00",0.92,0,0,0,0,0,0
Nandurbar,2016 - 2017,"25,300.00","29,400.00",1.16,0,0,0,0,0,0
Nandurbar,2017 - 2018,"26,600.00","30,100.00",1.13,0,0,0,0,0,0
Nandurbar,2018 - 2019,"26,116.00","22,519.00",0.86,0,0,0,0,0,0
Nandurbar,2019 - 2020,"26,962.00","43,273.00",1.6,0,0,0,0,0,0
Nandurbar,2020 - 2021,"28,232.23","49,163.09",1.74,0,0,0,0,0,0
Nandurbar,2021 - 2022,"30,046.07","36,090.10",1.2,0,0,0,0,0,0
Nandurbar,2022 - 2023,"24,060.25","45,479.79",1.89,0,0,0,0,0,0
Nashik,1999 - 2000,"47,800.00","57,200.00",1.2,16.068,33.61,23.986,12.946,3.306,3.706
Nashik,2000 - 2001,"45,600.00","39,800.00",0.87,17.27,35.248,25.5,11.088,2.858,3.458
Nashik,2001 - 2002,"46,600.00","56,300.00",1.21,16.764,34.218,24.648,12.936,3.764,3.61
Nashik,2002 - 2003,"49,100.00","43,900.00",0.89,17.088,35.818,25.834,11.964,2.54,3.646
Nashik,2003 - 2004,"50,600.00","66,300.00",1.31,16.712,34.284,24.634,13.706,4.622,3.594
Nashik,2004 - 2005,"50,800.00","70,200.00",1.38,16.764,33.826,24.524,12.658,3.3,3.52
Nashik,2005 - 2006,"50,300.00","58,700.00",1.17,16.048,33.112,23.946,12.678,5.018,3.584
Nashik,2006 - 2007,"49,000.00","49,600.00",1.01,17.1,32.164,24.248,14.174,4.246,3.348
Nashik,2007 - 2008,"50,600.00","68,400.00",1.35,16.63,33.39,24.272,13.154,3.794,3.438
Nashik,2008 - 2009,"51,200.00","65,800.00",1.29,16.81,34.298,24.824,13.014,2.874,3.422
Nashik,2009 - 2010,"48,100.00","18,800.00",0.39,16.388,34.094,24.688,13.566,4.59,3.67
Nashik,2010 - 2011,"59,100.00","24,000.00",0.41,17.162,32.402,24.366,15.21,4.644,3.264
Nashik,2011 - 2012,"62,900.00","77,800.00",1.24,16.988,34.3,24.804,13.148,2.996,3.446
Nashik,2012 - 2013,"67,900.00","80,800.00",1.19,16.644,34.398,25,13.32,3.46,3.596
Nashik,2013 - 2014,"72,600.00","93,300.00",1.29,16.312,32.284,23.478,14.556,6.608,3.606
Nashik,2014 - 2015,"71,200.00","86,700.00",1.22,16.944,35.722,25.262,12.49,3.42,3.832
Nashik,2015 - 2016,"69,600.00","1,01,100.00",1.45,17.092,35.3,25.412,13.078,3.42,3.534
Nashik,2016 - 2017,"71,900.00","1,45,800.00",2.03,16.294,34.468,24.15,12.6,4.53,3.426
Nashik,2017 - 2018,"72,500.00","1,53,600.00",2.12,16.908,33.524,24.402,13.466,4.158,3.432
Nashik,2018 - 2019,"74,046.00","1,26,516.00",1.71,16.604,35.616,25.336,12.158,3.75,3.574
Nashik,2019 - 2020,"76,288.00","90,539.00",1.19,17.446,32.848,24.522,14.868,4.312,3.544
Nashik,2020 - 2021,"76,543.71","1,48,821.69",1.94,16.364,32.476,24.342,14.762,3.968,2.896
Nashik,2021 - 2022,"78,129.45","1,34,255.58",1.72,16.616,32.508,24.126,14.932,3.918,3.356
Nashik,2022 - 2023,"92,318.50","2,30,131.55",2.49,16.026,32.444,23.82,14.158,5.802,3.374
Osmanabad,1999 - 2000,"15,200.00","8,500.00",0.56,16.306,35.136,25.24,13.538,1.162,4.73
Osmanabad,2000 - 2001,"17,200.00","8,400.00",0.49,16.58,33.802,24.714,13.802,2.016,4.468
Osmanabad,2001 - 2002,"15,800.00","2,400.00",0.15,16.534,33.57,24.652,14.23,1.902,4.828
Osmanabad,2002 - 2003,"16,700.00","5,200.00",0.31,17.564,36.084,25.682,13.87,1.984,4.396
Osmanabad,2003 - 2004,"18,000.00","2,600.00",0.14,16.932,35.996,25.622,13.898,1.792,4.458
Osmanabad,2004 - 2005,"18,500.00","6,700.00",0.36,16.752,34.004,25.006,13.616,1.266,4.548
Osmanabad,2005 - 2006,"17,000.00","6,400.00",0.38,16.304,32.662,23.712,14.986,3.332,4.026
Osmanabad,2006 - 2007,"17,500.00","6,700.00",0.38,17.672,32.992,24.668,14.79,1.92,4.554
Osmanabad,2007 - 2008,"16,600.00","6,900.00",0.42,16.604,33.698,24.318,14.462,3.504,4.092
Osmanabad,2008 - 2009,"5,000.00","1,800.00",0.36,16.546,34.426,25.06,14.018,1.814,4.384
Osmanabad,2009 - 2010,"6,100.00","3,700.00",0.61,16.932,34.012,25.162,14.788,1.456,4.822
Osmanabad,2010 - 2011,"11,200.00","3,400.00",0.3,17.15,33.482,24.994,15.12,2.762,4.288
Osmanabad,2011 - 2012,"10,700.00","4,100.00",0.38,17.904,35.516,25.918,13.592,1.372,4.982
Osmanabad,2012 - 2013,"11,500.00","2,800.00",0.24,16.908,35.524,25.834,13.502,1.684,4.866
Osmanabad,2013 - 2014,"13,100.00","6,400.00",0.49,16.524,32.668,24.23,14.136,1.398,4.974
Osmanabad,2014 - 2015,"13,100.00","2,500.00",0.19,17.05,35.564,25.642,13.82,1.642,4.574
Osmanabad,2015 - 2016,"6,200.00",600,0.1,18.122,36.744,26.996,14.058,1.234,4.778
Osmanabad,2016 - 2017,"6,300.00","1,200.00",0.19,16.2,34.44,24.432,12.84,1.592,4.144
Osmanabad,2017 - 2018,"7,500.00","2,200.00",0.29,17.118,34.274,24.95,14.388,2.246,4.19
Osmanabad,2019 - 2020,"1,221.00",139,0.11,19.06,34.902,26.13,15.432,1.46,4.476
Osmanabad,2020 - 2021,"1,141.76",749.33,0.66,16.862,31.814,24.298,15.648,3.26,3.858
Osmanabad,2021 - 2022,665.82,229.84,0.35,17.232,32.858,24.882,15.538,2.722,4.148
Osmanabad,2022 - 2023,367.67,143.37,0.39,16.65,33.854,24.924,15.176,2.596,3.996
Palghar,2014 - 2015,"74,800.00","1,88,300.00",2.52,21.982,34.23,27.582,13.148,3.828,4.3
Palghar,2015 - 2016,"77,100.00","1,77,300.00",2.3,21.482,33.858,27.482,13.28,4.258,4.094
Palghar,2016 - 2017,"76,400.00","2,22,700.00",2.91,20.958,33.042,26.562,12.66,3.992,4.126
Palghar,2017 - 2018,"76,700.00","1,42,000.00",1.85,21.696,32.67,26.692,13.512,4.802,3.98
Palghar,2018 - 2019,"76,714.00","1,34,767.00",1.76,21.414,33.778,27.482,11.884,4.458,4.286
Palghar,2019 - 2020,"76,714.00","1,36,746.00",1.78,22.118,32.392,26.894,15.822,5.516,4.142
Palghar,2020 - 2021,"76,714.30","1,44,869.52",1.89,21.204,32.29,26.752,15.118,4.302,3.322
Palghar,2021 - 2022,"76,716.77","1,63,879.92",2.14,21.078,31.486,26.45,15.522,3.626,3.92
Palghar,2022 - 2023,"77,137.04","1,83,240.00",2.38,20.684,32.038,26.37,14.468,6.348,4.002
Parbhani,1999 - 2000,"9,100.00","4,200.00",0.46,15.588,34.124,24.228,13.242,1.656,4.09
Parbhani,2000 - 2001,"9,600.00","3,300.00",0.34,16.86,34.022,24.996,13.308,2.442,3.642
Parbhani,2001 - 2002,"9,600.00","5,300.00",0.55,16.102,34.028,24.348,13.968,2.512,4.084
Parbhani,2002 - 2003,"9,400.00","4,700.00",0.5,17.238,35.804,25.644,13.38,2.45,3.764
Parbhani,2003 - 2004,"9,600.00","3,600.00",0.38,16.62,34.696,24.754,14.142,3.358,3.84
Parbhani,2004 - 2005,"9,900.00","3,100.00",0.31,16.578,34.744,25.036,13.54,2.37,3.862
Parbhani,2005 - 2006,"7,000.00","2,700.00",0.39,15.808,32.74,23.63,14.448,4.564,3.804
Parbhani,2006 - 2007,"7,800.00","3,200.00",0.41,17.12,32.63,24.346,14.83,2.85,3.718
Parbhani,2007 - 2008,"7,200.00","2,800.00",0.39,16.474,33.55,24.116,14.268,2.728,3.598
Parbhani,2008 - 2009,"5,800.00","1,900.00",0.33,16.34,34.394,24.686,14.104,2.238,3.574
Parbhani,2009 - 2010,"3,100.00","1,100.00",0.35,16.342,34.288,25.094,14.39,2.294,4.098
Parbhani,2010 - 2011,"4,000.00","1,800.00",0.45,17.058,32.5,24.482,15.748,3.938,3.68
Parbhani,2011 - 2012,"1,700.00",600,0.35,17.19,34.574,24.984,13.602,2.266,4.012
Parbhani,2012 - 2013,"1,400.00",100,0.07,16.13,34.824,25.114,13.898,2.75,3.938
Parbhani,2013 - 2014,700,300,0.43,16.128,31.348,23.374,14.93,4.336,4.14
Parbhani,2014 - 2015,300,,0,16.884,36.61,25.954,13.152,1.97,4.062
Parbhani,2016 - 2017,20,4,0.2,16.06,34.078,24.042,13.456,2.2,3.71
Parbhani,2018 - 2019,10,2,0.2,16.554,35.686,25.74,13.194,1.608,4.008
Parbhani,2019 - 2020,10,1,0.1,17.466,33.918,25.542,15.362,2.72,3.698
Parbhani,2020 - 2021,10,6.56,0.66,16.498,32.522,24.26,15.662,3.838,3.346
Pune,1999 - 2000,"61,700.00","89,200.00",1.45,14.914,32.022,22.918,11.972,2.012,4.422
Pune,2000 - 2001,"64,000.00","75,200.00",1.18,16.04,32.42,23.566,11.338,1.518,3.99
Pune,2001 - 2002,"59,100.00","86,400.00",1.46,15.652,31.848,23.176,12.562,1.682,4.516
Pune,2002 - 2003,"57,700.00","40,000.00",0.69,16.246,34.252,24.354,11.468,1.588,4.152
Pune,2003 - 2004,"60,400.00","84,700.00",1.4,16.066,33.78,24.214,12.128,1.586,4.254
Pune,2004 - 2005,"67,600.00","85,100.00",1.26,15.716,31.53,22.956,12.612,1.832,4.086
Pune,2005 - 2006,"64,500.00","73,800.00",1.14,15.354,31.308,22.476,12.972,3.126,4.19
Pune,2006 - 2007,"63,900.00","68,900.00",1.08,16.47,30.166,22.976,14,2.676,4.018
Pune,2007 - 2008,"62,800.00","78,200.00",1.25,15.696,32.05,23.252,12.892,2.07,3.992
Pune,2008 - 2009,"61,200.00","75,500.00",1.23,15.764,32.2,23.258,12.848,1.194,4.136
Pune,2009 - 2010,"62,600.00","51,200.00",0.82,15.63,31.22,23.282,13.478,2.43,4.424
Pune,2010 - 2011,"60,900.00","71,900.00",1.18,16.002,30.868,23.322,14.808,3.4,3.912
Pune,2011 - 2012,"62,000.00","85,600.00",1.38,15.828,31.54,23.266,12.742,2.28,4.33
Pune,2012 - 2013,"77,600.00","1,06,200.00",1.37,15.462,32.876,23.936,12.604,1.798,4.134
Pune,2013 - 2014,"82,100.00","1,53,200.00",1.87,15.82,31.232,22.882,13.804,3.026,4.45
Pune,2014 - 2015,"82,100.00","1,36,100.00",1.66,16.032,33.802,23.824,12.412,1.882,4.318
Pune,2015 - 2016,"54,600.00","1,07,300.00",1.97,16.93,33.73,24.416,12.468,1.468,4.224
Pune,2016 - 2017,"53,500.00","1,15,400.00",2.16,15.142,32.222,22.686,12.162,2.114,3.952
Pune,2017 - 2018,"52,000.00","1,24,000.00",2.38,15.724,31.46,23.022,13.22,2.118,4.056
Pune,2018 - 2019,"57,969.00","1,06,233.00",1.83,15.698,32.794,23.954,11.436,1.13,4.252
Pune,2019 - 2020,"59,509.00","1,07,626.00",1.81,17.376,32.09,23.9,14.698,2.446,4.016
Pune,2020 - 2021,"61,018.25","1,27,824.89",2.09,15.652,30.172,23.236,14.846,4.408,3.356
Pune,2021 - 2022,"59,746.08","1,66,637.14",2.79,16.378,30.584,23.302,14.842,2.59,3.864
Pune,2022 - 2023,"59,820.51","1,51,843.76",2.54,15.288,31.248,23,13.96,3.326,3.852
Raigad,1999 - 2000,"1,27,400.00","3,07,500.00",2.41,20.546,30.922,25.616,13.976,5.464,4.32
Raigad,2000 - 2001,"1,26,400.00","2,74,100.00",2.17,21.538,31.074,25.984,13.418,5.386,3.894
Raigad,2001 - 2002,"1,25,400.00","3,32,200.00",2.65,21.698,31.092,26.066,14.286,5.582,4.39
Raigad,2002 - 2003,"1,24,600.00","2,56,000.00",2.05,21.756,32.58,26.696,13.442,3.526,4.118
Raigad,2003 - 2004,"1,24,600.00","3,53,600.00",2.84,21.846,32.106,26.624,14.374,6.278,4.036
Raigad,2004 - 2005,"1,24,500.00","2,75,900.00",2.22,21.57,31.156,26.038,14.29,5.168,4.204
Raigad,2005 - 2006,"1,21,000.00","2,72,900.00",2.26,21.206,31.004,25.824,14.326,9.46,4.09
Raigad,2006 - 2007,"1,23,600.00","2,91,100.00",2.36,22.13,30.488,26.158,15.362,8.336,4.116
Raigad,2007 - 2008,"1,24,600.00","3,12,700.00",2.51,21.486,31.446,26.204,14.628,7.72,4.068
Raigad,2008 - 2009,"1,23,800.00","3,35,900.00",2.71,21.442,31.484,26.298,14.604,5.642,4.18
Raigad,2009 - 2010,"1,24,000.00","3,11,500.00",2.51,21.35,30.728,26.124,15.02,7.564,4.184
Raigad,2010 - 2011,"1,24,600.00","2,94,800.00",2.37,21.686,30.928,26.28,16.41,9.508,3.682
Raigad,2011 - 2012,"1,23,800.00","2,98,600.00",2.41,21.386,31.188,26.262,14.73,7.312,4.182
Raigad,2012 - 2013,"1,24,100.00","3,23,000.00",2.6,21.404,31.326,26.29,14.516,4.838,3.932
Raigad,2013 - 2014,"1,24,100.00","3,55,100.00",2.86,21.828,30.962,25.91,15.18,8.792,4.28
Raigad,2014 - 2015,"1,16,200.00","3,20,700.00",2.76,21.946,32.484,26.77,14.34,6.456,4.222
Raigad,2015 - 2016,"1,12,100.00","3,28,900.00",2.93,22.228,32.634,26.944,14.672,5.48,4.17
Raigad,2016 - 2017,"1,09,400.00","2,97,200.00",2.72,20.844,31.384,25.706,13.842,7.88,4.028
Raigad,2017 - 2018,"1,10,500.00","2,99,000.00",2.71,21.782,31.17,26.07,14.988,8.988,4.024
Raigad,2018 - 2019,"1,11,159.00","3,14,775.00",2.83,21.61,31.83,26.562,13.72,7.258,4.12
Raigad,2019 - 2020,"95,932.00","1,85,513.00",1.93,22.542,31.542,26.812,16.466,8.868,3.8
Raigad,2020 - 2021,"95,552.17","1,75,742.34",1.84,21.944,30.838,26.41,16.204,7.502,3.298
Raigad,2021 - 2022,"95,967.49","2,18,410.20",2.28,21.962,30.646,26.328,16.32,8.604,3.68
Raigad,2022 - 2023,"95,155.61","2,53,990.00",2.67,21.026,31.04,26.032,15.28,8.762,3.982
Ratnagiri,1999 - 2000,"79,400.00","1,91,500.00",2.41,22.638,30.366,26.592,16.794,9.882,4.346
Ratnagiri,2000 - 2001,"78,400.00","1,65,900.00",2.12,23.392,30.41,26.726,16.75,8.166,4.188
Ratnagiri,2001 - 2002,"78,400.00","2,09,200.00",2.67,23.386,30.366,26.892,16.692,5.518,4.48
Ratnagiri,2002 - 2003,"78,500.00","1,48,300.00",1.89,23.772,31.396,27.406,17.138,6.464,4.124
Ratnagiri,2003 - 2004,"79,200.00","2,38,500.00",3.01,24.056,31.332,27.572,17.064,6.83,3.97
Ratnagiri,2004 - 2005,"79,100.00","1,86,500.00",2.36,23.398,30.688,26.946,16.594,5.9,4.37
Ratnagiri,2005 - 2006,"77,000.00","1,94,600.00",2.53,23.234,30.488,26.8,17.03,9.702,4.298
Ratnagiri,2006 - 2007,"77,900.00","2,10,900.00",2.71,23.672,30.188,26.96,17.564,7.638,4.228
Ratnagiri,2007 - 2008,"76,700.00","1,96,500.00",2.56,23.35,30.688,27.022,17.33,9.91,4.324
Ratnagiri,2008 - 2009,"77,400.00","2,01,000.00",2.6,23.568,30.828,27.18,17.072,5.934,4.298
Ratnagiri,2009 - 2010,"77,300.00","2,02,700.00",2.62,23.294,30.254,26.912,17.748,10.412,4.322
Ratnagiri,2010 - 2011,"78,000.00","2,23,100.00",2.86,23.62,30.408,27.072,18.156,11.798,4.028
Ratnagiri,2011 - 2012,"77,400.00","2,26,100.00",2.92,23.45,30.684,27.14,17.41,8.16,4.31
Ratnagiri,2012 - 2013,"73,800.00","2,14,800.00",2.91,23.48,30.528,27.098,17.132,8.146,4.07
Ratnagiri,2013 - 2014,"72,100.00","2,13,200.00",2.96,23.552,30.228,26.772,17.072,9.778,4.642
Ratnagiri,2014 - 2015,"72,500.00","2,20,500.00",3.04,23.894,31.352,27.512,17.462,8.326,4.048
Ratnagiri,2015 - 2016,"71,000.00","1,74,100.00",2.45,24.256,31.898,27.872,17.816,8.638,4.116
Ratnagiri,2016 - 2017,"75,300.00","2,36,300.00",3.14,22.722,30.676,26.518,16.484,12.59,4.164
Ratnagiri,2017 - 2018,"75,200.00","2,24,400.00",2.98,23.598,30.548,26.954,17.52,7.61,4.226
Ratnagiri,2018 - 2019,"76,106.00","2,40,930.00",3.17,23.496,30.86,27.368,17.108,10.332,4.168
Ratnagiri,2019 - 2020,"75,397.00","2,38,591.00",3.16,24.438,30.834,27.52,18.606,13.618,4.148
Ratnagiri,2020 - 2021,"75,842.08","2,13,611.59",2.82,23.95,30.208,27.162,18.14,13.272,3.816
Ratnagiri,2021 - 2022,"77,223.45","2,21,160.16",2.86,23.818,30.064,27.114,18.364,14.144,3.844
Ratnagiri,2022 - 2023,"69,190.23","2,06,440.00",2.98,23.03,30.496,26.908,17.588,10.528,3.904
Sangli,1999 - 2000,"17,900.00","47,200.00",2.64,15.328,33.208,23.794,13.05,2.472,4.988
Sangli,2000 - 2001,"18,600.00","40,400.00",2.17,16.272,32.962,23.874,12.792,2.308,4.698
Sangli,2001 - 2002,"17,700.00","47,200.00",2.67,15.934,33.006,23.814,13.258,1.802,5.378
Sangli,2002 - 2003,"18,500.00","28,400.00",1.54,17.264,34.7,24.89,12.866,1.6,4.758
Sangli,2003 - 2004,"15,600.00","39,500.00",2.53,16.45,35.202,24.95,13.006,1.548,4.798
Sangli,2004 - 2005,"17,700.00","44,200.00",2.5,16.092,32.9,23.93,12.734,1.576,4.966
Sangli,2005 - 2006,"18,100.00","39,500.00",2.18,15.626,32.192,23.122,13.908,3.4,4.626
Sangli,2006 - 2007,"18,100.00","28,900.00",1.6,16.942,31.564,23.608,14.338,2.98,5
Sangli,2007 - 2008,"18,700.00","43,600.00",2.33,15.9,32.926,23.758,13.842,2.952,4.658
Sangli,2008 - 2009,"18,700.00","38,700.00",2.07,16.096,33.32,24.064,13.336,1.738,4.94
Sangli,2009 - 2010,"18,700.00","35,100.00",1.88,16.094,32.15,23.926,14.462,2.942,5.088
Sangli,2010 - 2011,"20,200.00","53,900.00",2.67,16.342,32.524,24.034,14.864,2.994,4.548
Sangli,2011 - 2012,"18,100.00","33,700.00",1.86,16.468,33.006,24.316,13.21,1.888,5.308
Sangli,2012 - 2013,"17,500.00","33,700.00",1.93,16.042,34.504,24.804,13.178,1.612,4.912
Sangli,2013 - 2014,"14,500.00","25,500.00",1.76,16.118,32.352,23.664,13.518,1.992,5.32
Sangli,2014 - 2015,"15,500.00","31,400.00",2.03,16.156,34.69,24.478,13.572,2.304,4.874
Sangli,2015 - 2016,"22,600.00","43,400.00",1.92,17.362,35.02,25.61,13.508,1.318,4.858
Sangli,2016 - 2017,"16,800.00","42,900.00",2.55,15.556,33.81,23.548,12.32,2.566,4.554
Sangli,2017 - 2018,"17,000.00","39,300.00",2.31,16.112,32.636,23.756,13.928,2.114,4.594
Sangli,2018 - 2019,"15,423.00","40,619.00",2.63,15.696,33.49,24.542,13.052,2.048,4.646
Sangli,2019 - 2020,"15,472.00","19,618.00",1.27,18.138,32.856,24.44,15.574,3.686,4.37
Sangli,2020 - 2021,"15,512.15","43,546.04",2.81,16.192,31.092,23.618,15.206,3.61,4.272
Sangli,2021 - 2022,"14,931.00","36,999.81",2.48,16.548,31.498,23.97,15.478,4.014,4.214
Sangli,2022 - 2023,"14,704.80","38,937.54",2.65,15.712,32.182,23.736,14.67,2.686,4.21
Satara,1999 - 2000,"44,000.00","71,100.00",1.62,15.412,31.296,22.864,14.394,6.606,4.806
Satara,2000 - 2001,"43,900.00","51,300.00",1.17,16.174,31.612,23.196,14.298,5.488,4.382
Satara,2001 - 2002,"44,600.00","77,200.00",1.73,16.27,31.172,23.132,14.674,4.146,5.03
Satara,2002 - 2003,"45,400.00","71,200.00",1.57,16.694,33.21,23.938,14.47,5.034,4.42
Satara,2003 - 2004,"44,200.00","73,400.00",1.66,16.402,33.558,24.154,14.584,5.226,4.422
Satara,2004 - 2005,"44,100.00","72,900.00",1.65,16.278,31.188,23.002,14.466,5.428,4.77
Satara,2005 - 2006,"43,600.00","73,400.00",1.68,16.044,31.042,22.62,14.93,7.248,4.686
Satara,2006 - 2007,"45,000.00","93,300.00",2.07,17.056,29.764,22.97,15.62,6.946,4.696
Satara,2007 - 2008,"49,600.00","1,02,400.00",2.06,16.18,31.758,23.254,15.178,7.22,4.58
Satara,2008 - 2009,"49,700.00","1,09,300.00",2.2,16.352,31.598,23.266,14.966,4.122,4.718
Satara,2009 - 2010,"50,600.00","76,900.00",1.52,16.144,30.492,23.17,15.624,7.484,4.792
Satara,2010 - 2011,"50,800.00","82,200.00",1.62,16.548,30.54,23.306,16.392,9.056,4.302
Satara,2011 - 2012,"50,500.00","83,000.00",1.64,16.2,31.11,23.246,15.086,7.514,4.948
Satara,2012 - 2013,"51,000.00","70,000.00",1.37,15.842,32.154,23.656,14.922,5.85,4.454
Satara,2013 - 2014,"50,400.00","75,600.00",1.5,16.346,30.778,22.916,15.288,7.682,4.936
Satara,2014 - 2015,"52,900.00","94,700.00",1.79,16.59,33.524,23.752,14.998,5.354,4.648
Satara,2015 - 2016,"52,700.00","79,700.00",1.51,17.372,33.602,24.462,15.106,3.892,4.498
Satara,2016 - 2017,"47,000.00","82,100.00",1.75,15.418,31.872,22.602,14.302,7.89,4.464
Satara,2017 - 2018,"45,800.00","83,000.00",1.81,16.234,30.758,22.908,15.44,6.108,4.492
Satara,2018 - 2019,"47,026.00","1,09,002.00",2.32,15.962,31.828,23.606,14.838,6.854,4.426
Satara,2019 - 2020,"49,635.00","71,367.00",1.44,17.994,31.646,23.902,16.796,8.49,4.148
Satara,2020 - 2021,"46,954.00","1,08,948.50",2.32,16.388,29.662,23.272,16.512,7.53,3.976
Satara,2021 - 2022,"45,099.32","88,918.68",1.97,16.836,29.842,23.298,16.686,10.036,4.02
Satara,2022 - 2023,"47,710.76","93,200.74",1.95,15.766,30.774,23.104,15.748,6.702,4.234
Sindhudurg,1999 - 2000,"75,400.00","1,72,400.00",2.29,24.188,30.072,27.224,17.634,7.554,5.516
Sindhudurg,2000 - 2001,"75,400.00","1,87,300.00",2.48,24.564,29.93,27.186,17.724,7.042,5.304
Sindhudurg,2001 - 2002,"74,300.00","1,89,400.00",2.55,24.51,30.206,27.438,17.676,3.42,5.606
Sindhudurg,2002 - 2003,"74,500.00","1,63,300.00",2.19,25.21,30.832,27.848,18.116,4.566,5.18
Sindhudurg,2003 - 2004,"74,700.00","2,36,900.00",3.17,25.308,30.692,28.016,18.08,4.732,5.114
Sindhudurg,2004 - 2005,"74,500.00","2,10,800.00",2.83,24.54,30.356,27.496,17.578,4.258,5.642
Sindhudurg,2005 - 2006,"74,500.00","2,15,400.00",2.89,24.356,30.104,27.35,17.766,6.342,5.606
Sindhudurg,2006 - 2007,"74,700.00","2,20,400.00",2.95,24.722,29.946,27.422,18.178,5.242,5.414
Sindhudurg,2007 - 2008,"74,900.00","2,05,100.00",2.74,24.41,30.21,27.412,18.048,6.964,5.544
Sindhudurg,2008 - 2009,"74,400.00","2,08,000.00",2.8,24.982,30.538,27.76,18.024,4.338,5.528
Sindhudurg,2009 - 2010,"74,600.00","1,96,200.00",2.63,24.746,30.144,27.506,18.33,7.08,5.506
Sindhudurg,2010 - 2011,"73,900.00","1,97,000.00",2.67,24.83,30.072,27.514,18.772,9.054,5.392
Sindhudurg,2011 - 2012,"74,200.00","2,02,500.00",2.73,24.766,30.558,27.712,18.33,6.904,5.508
Sindhudurg,2012 - 2013,"74,200.00","2,07,000.00",2.79,24.618,30.326,27.648,17.948,6.504,5.226
Sindhudurg,2013 - 2014,"74,200.00","2,32,800.00",3.14,24.716,29.826,27.292,17.766,7.166,5.866
Sindhudurg,2014 - 2015,"67,400.00","2,22,400.00",3.3,24.98,30.654,27.892,18.116,5.672,5.094
Sindhudurg,2015 - 2016,"64,600.00","1,90,000.00",2.94,25.34,31.146,28.218,18.68,5.084,5.228
Sindhudurg,2016 - 2017,"62,500.00","2,05,700.00",3.29,23.842,30.17,27.052,17.526,6.904,5.382
Sindhudurg,2017 - 2018,"62,500.00","2,03,000.00",3.25,24.678,30.212,27.524,18.278,3.524,5.61
Sindhudurg,2018 - 2019,"62,500.00","1,83,733.00",2.94,24.838,30.4,27.804,18.15,6.608,5.406
Sindhudurg,2019 - 2020,"62,500.00","1,56,240.00",2.5,25.49,30.472,27.914,19.24,7.26,5.466
Sindhudurg,2020 - 2021,"62,063.18","1,73,928.68",2.8,24.988,30.016,27.604,18.772,6.742,5.016
Sindhudurg,2021 - 2022,"62,063.18","1,60,649.95",2.59,24.814,29.85,27.552,18.886,7.382,5.164
Sindhudurg,2022 - 2023,"62,063.18","1,66,240.00",2.68,24.352,30.204,27.43,18.3,4.798,5.124
Solapur,1999 - 2000,"3,200.00","4,200.00",1.31,15.834,34.762,24.798,0,0,0
Solapur,2000 - 2001,"3,000.00","3,400.00",1.13,16.478,33.952,24.61,0,0,0
Solapur,2001 - 2002,600,800,1.33,16.144,33.624,24.402,0,0,0
Solapur,2002 - 2003,500,300,0.6,17.542,35.724,25.588,0,0,0
Solapur,2003 - 2004,200,100,0.5,16.79,36.26,25.712,0,0,0
Solapur,2004 - 2005,400,100,0.25,16.382,33.686,24.67,0,0,0
Solapur,2005 - 2006,400,100,0.25,15.986,33.006,23.77,0,0,0
Solapur,2006 - 2007,400,100,0.25,17.412,32.912,24.45,0,0,0
Solapur,2007 - 2008,300,300,1,16.31,33.968,24.402,0,0,0
Solapur,2008 - 2009,100,100,1,16.338,34.414,24.81,0,0,0
Solapur,2009 - 2010,100,0,0,16.594,33.634,24.864,0,0,0
Solapur,2010 - 2011,700,200,0.29,16.76,33.55,24.872,0,0,0
Solapur,2011 - 2012,700,200,0.29,17.352,35.024,25.468,0,0,0
Solapur,2012 - 2013,400,100,0.25,16.536,35.56,25.71,0,0,0
Solapur,2013 - 2014,400,100,0.25,16.308,33.196,24.286,0,0,0
Solapur,2014 - 2015,400,100,0.25,16.634,35.558,25.384,0,0,0
Solapur,2015 - 2016,200,0,0,17.736,36.158,26.616,0,0,0
Solapur,2016 - 2017,200,43,0.22,15.832,34.54,24.244,0,0,0
Solapur,2017 - 2018,600,70,0.12,16.558,34.07,24.678,0,0,0
Solapur,2018 - 2019,"1,924.00",173,0.09,16.198,35.202,25.61,0,0,0
Solapur,2019 - 2020,"1,189.00",187,0.16,18.824,34.56,25.562,0,0,0
Solapur,2020 - 2021,"1,486.58","2,802.66",1.89,16.636,32.104,24.254,0,0,0
Solapur,2021 - 2022,52,20,0.38,16.886,32.782,24.662,0,0,0
Thane,1999 - 2000,"1,39,200.00","2,95,500.00",2.12,17.74,34.212,25.106,12.862,4.154,4.376
Thane,2000 - 2001,"1,39,300.00","1,70,200.00",1.22,18.734,35.91,26.432,11.728,3.344,4.028
Thane,2001 - 2002,"1,38,600.00","3,40,000.00",2.45,18.48,34.502,25.64,12.922,3.582,4.382
Thane,2002 - 2003,"1,38,000.00","1,53,800.00",1.11,18.506,36.292,26.636,12.26,2.91,4.164
Thane,2003 - 2004,"1,38,500.00","3,91,600.00",2.83,18.11,34.608,25.492,13.656,4.57,4.012
Thane,2004 - 2005,"1,38,600.00","3,28,800.00",2.37,18.542,34.53,25.606,13.326,3.944,4.126
Thane,2005 - 2006,"1,37,000.00","3,04,700.00",2.22,17.626,33.962,25.062,13.33,6.738,4.116
Thane,2006 - 2007,"1,37,600.00","2,52,200.00",1.83,18.848,33.268,25.436,14.404,6.002,4.06
Thane,2007 - 2008,"1,38,100.00","3,03,300.00",2.2,18.112,34.15,25.326,13.674,5.274,3.972
Thane,2008 - 2009,"1,38,000.00","2,97,300.00",2.15,18.262,34.342,25.628,13.476,3.262,4.146
Thane,2009 - 2010,"1,36,000.00","2,85,000.00",2.1,18.15,34.528,25.712,14.054,5.67,4.294
Thane,2010 - 2011,"1,36,000.00","2,75,300.00",2.02,18.618,32.998,25.318,15.516,6.526,3.68
Thane,2011 - 2012,"1,37,500.00","3,37,200.00",2.45,18.51,35.068,25.9,13.498,4.812,4.246
Thane,2012 - 2013,"1,37,500.00","3,56,800.00",2.59,18.324,34.632,25.834,13.424,3.418,4.062
Thane,2013 - 2014,"1,37,500.00","3,28,000.00",2.39,17.87,33.016,24.57,14.478,6.552,4.258
Thane,2014 - 2015,"55,200.00","1,32,900.00",2.41,18.598,36.15,26.274,13.23,4.074,4.28
Thane,2015 - 2016,"55,000.00","1,24,200.00",2.26,18.494,35.554,26.212,13.438,4.286,4.072
Thane,2016 - 2017,"55,000.00","1,49,600.00",2.72,17.838,34.97,25.22,12.73,5.526,4.06
Thane,2017 - 2018,"54,700.00","1,01,100.00",1.85,18.59,34.11,25.382,13.602,6.234,4.044
Thane,2018 - 2019,"54,885.00","1,39,368.00",2.54,18.304,35.78,26.22,12.426,4.814,4.182
Thane,2019 - 2020,"55,235.00","1,18,495.00",2.15,18.954,33.486,25.526,15.532,6.914,3.926
Thane,2020 - 2021,"54,826.65","1,06,385.80",1.94,17.856,33.386,25.362,15.092,5.23,3.312
Thane,2021 - 2022,"54,907.01","1,29,080.02",2.35,18.078,32.552,24.976,15.226,6.408,3.86
Thane,2022 - 2023,"54,889.22","1,46,850.00",2.68,17.602,33.138,24.942,14.388,6.434,3.978
Wardha,1999 - 2000,500,300,0.6,15.122,33.642,23.938,13.714,2.616,3.272
Wardha,2000 - 2001,600,300,0.5,16.762,35.74,25.628,12.45,2.54,2.998
Wardha,2001 - 2002,500,300,0.6,15.51,34.344,24.386,13.9,2.846,3.268
Wardha,2002 - 2003,500,300,0.6,16.892,35.758,25.96,13.082,2.546,3.172
Wardha,2003 - 2004,300,200,0.67,16.458,34.156,24.666,14.47,4.18,3.232
Wardha,2004 - 2005,200,200,1,16.582,35.776,25.374,13.294,2.776,3.206
Wardha,2005 - 2006,200,200,1,15.284,33.592,24.334,13.944,4.392,3.232
Wardha,2006 - 2007,100,100,1,17.25,33.554,25.088,14.886,3.098,2.956
Wardha,2007 - 2008,100,100,1,16.276,34.174,24.53,14.042,2.74,3.072
Washim,1999 - 2000,"1,900.00","1,200.00",0.63,15.738,34.094,24.35,0,0,0
Washim,2000 - 2001,"2,000.00",800,0.4,17.038,34.874,25.538,0,0,0
Washim,2001 - 2002,"1,300.00","1,300.00",1,16.454,34.828,24.846,0,0,0
Washim,2002 - 2003,"1,100.00",700,0.64,17.476,35.894,26.018,0,0,0
Washim,2003 - 2004,900,300,0.33,16.742,34.246,24.844,0,0,0
Washim,2004 - 2005,500,200,0.4,17.058,35.27,25.488,0,0,0
Washim,2005 - 2006,300,100,0.33,15.79,33.122,24.11,0,0,0
Washim,2006 - 2007,200,100,0.5,17.442,33.344,24.946,0,0,0
Washim,2007 - 2008,100,100,1,16.614,33.884,24.494,0,0,0
Washim,2008 - 2009,100,100,1,16.658,34.612,24.998,0,0,0
Washim,2009 - 2010,100,200,2,16.62,34.642,25.542,0,0,0
Washim,2011 - 2012,200,200,1,17.632,35.016,25.402,0,0,0
Yavatmal,1999 - 2000,"5,300.00","4,600.00",0.87,16.346,34.726,25.034,0,0,0
Yavatmal,2000 - 2001,"5,200.00","4,300.00",0.83,17.45,35.326,25.912,0,0,0
Yavatmal,2001 - 2002,"4,800.00","4,800.00",1,17.096,35.626,25.568,0,0,0
Yavatmal,2002 - 2003,"3,700.00","2,400.00",0.65,18.062,36.186,26.494,0,0,0
Yavatmal,2003 - 2004,"3,300.00","2,000.00",0.61,17.376,34.438,25.31,0,0,0
Yavatmal,2004 - 2005,"2,400.00",800,0.33,17.55,35.278,25.834,0,0,0
Yavatmal,2005 - 2006,"1,800.00",900,0.5,16.402,33.462,24.604,0,0,0
Yavatmal,2006 - 2007,600,300,0.5,18.072,33.902,25.608,0,0,0
Yavatmal,2007 - 2008,600,400,0.67,17.086,34.322,24.996,0,0,0
Yavatmal,2008 - 2009,500,200,0.4,17.054,34.846,25.514,0,0,0
Yavatmal,2009 - 2010,200,300,1.5,17.214,35.198,26.02,0,0,0
Yavatmal,2011 - 2012,100,100,1,18.296,35.76,26.176,0,0,0
Yavatmal,2012 - 2013,100,40,0.4,16.366,35.202,25.512,0,0,0
Yavatmal,2013 - 2014,100,0,0,16.606,31.93,24.108,0,0,0
