District,Year,Area (Hectare),Production (Tonnes),Yield (Tonne/Hectare),MIN_TEMP,MAX_TEMP,AVG_TEMP,HUMIDITY,PRECIPITATION,WIND_SPEED
Ahmednagar,1999 - 2000,"66,600.00","59,62,900.00",89.53,15.094,34.774,24.205,11.82,2.434,3.424
Ahmednagar,2000 - 2001,"67,100.00","51,63,900.00",76.96,15.637,34.791,24.477,11.073,2.334,3.276
Ahmednagar,2001 - 2002,"52,000.00","35,96,300.00",69.16,15.585,34.526,24.45,11.835,2.413,3.396
Ahmednagar,2002 - 2003,"49,400.00","33,03,000.00",66.86,15.843,35.636,25.101,11.599,2.533,3.484
Ahmednagar,2003 - 2004,"31,200.00","14,86,800.00",47.65,16.21,35.37,25.27,12.446,2.783,3.497
Ahmednagar,2004 - 2005,"17,000.00","10,01,800.00",58.93,15.72,34.159,24.48,11.916,2.264,3.359
Ahmednagar,2005 - 2006,"56,600.00","43,95,300.00",77.66,15.289,33.589,23.872,12.578,3.718,3.388
Ahmednagar,2006 - 2007,"93,500.00","61,37,800.00",65.64,15.673,32.974,23.976,12.927,3.691,3.264
Ahmednagar,2007 - 2008,"1,33,300.00","1,04,32,000.00",78.26,15.664,33.913,24.249,12.369,2.754,3.273
Ahmednagar,2008 - 2009,"77,500.00","55,64,800.00",71.8,15.023,34.136,24.29,12.355,3.067,3.16
Ahmednagar,2009 - 2010,"75,600.00","63,39,000.00",83.85,16.128,34.652,24.923,12.295,2.677,3.278
Ahmednagar,2010 - 2011,"1,26,000.00","1,15,16,400.00",91.4,16.034,33.305,24.499,13.443,3.999,3.181
Ahmednagar,2011 - 2012,"1,29,500.00","1,18,79,200.00",91.73,15.756,33.604,24.238,12.244,2.454,3.349
Ahmednagar,2012 - 2013,"1,15,500.00","82,35,700.00",71.3,14.959,35.055,24.809,11.914,2.811,3.416
Ahmednagar,2013 - 2014,"1,10,800.00","96,43,600.00",87.04,15.546,33.449,24.213,13.18,3.819,3.451
Ahmednagar,2014 - 2015,"1,22,000.00","1,17,61,000.00",96.4,15.221,34.719,24.505,12.405,2.375,3.452
Ahmednagar,2015 - 2016,"1,12,400.00","66,07,100.00",58.78,15.645,35.412,25.074,12.212,2.259,3.318
Ahmednagar,2016 - 2017,"60,972.00","41,81,400.00",68.58,15.691,34.707,24.408,12.098,3.053,3.348
Ahmednagar,2017 - 2018,"1,04,404.00","1,13,08,900.00",108.32,15.418,34.408,24.486,11.976,2.533,3.186
Ahmednagar,2018 - 2019,"1,34,486.00","1,27,76,170.00",95,15.984,35.506,25.183,11.34,2.45,3.365
Ahmednagar,2019 - 2020,"70,931.00","51,03,317.00",71.95,15.687,34.289,24.621,12.865,2.902,3.421
Ahmednagar,2020 - 2021,"1,09,977.00","1,19,45,130.44",108.61,15.276,32.727,23.976,13.969,3.384,3.072
Ahmednagar,2021 - 2022,"2,07,805.00","2,06,76,012.67",99.5,16.119,33.442,24.442,13.555,3.712,3.062
Ahmednagar,2022 - 2023,"1,60,000.00","1,76,00,000.00",110,15.178,33.473,23.958,13.256,4.379,3.159
 Akola,1999 - 2000,200,"18,300.00",91.5,15.146,34.136,24.105,0,0,0
 Akola,2000 - 2001,600,"48,800.00",81.33,15.595,35.467,24.866,0,0,0
 Akola,2001 - 2002,600,"44,100.00",73.5,15.348,34.997,24.759,0,0,0
 Akola,2002 - 2003,400,"28,000.00",70,15.874,35.68,25.373,0,0,0
 Akola,2003 - 2004,800,"48,000.00",60,15.466,34.386,24.681,0,0,0
 Akola,2004 - 2005,500,"19,200.00",38.4,15.756,35.373,25.155,0,0,0
 Akola,2005 - 2006,300,"20,900.00",69.67,15.201,34.523,24.547,0,0,0
 Akola,2006 - 2007,300,"22,700.00",75.67,16.336,33.998,24.769,0,0,0
 Akola,2007 - 2008,300,"16,100.00",53.67,15.924,34.669,24.858,0,0,0
 Akola,2008 - 2009,200,"9,000.00",45,15.377,34.869,24.902,0,0,0
 Akola,2009 - 2010,200,"15,700.00",78.5,16.336,35.092,25.535,0,0,0
 Akola,2010 - 2011,300,"20,000.00",66.67,16.458,33.895,25.063,0,0,0
 Akola,2011 - 2012,100,"6,300.00",63,15.943,34.457,24.646,0,0,0
 Akola,2015 - 2016,100,"6,900.00",69,15.25,35.165,25.043,0,0,0
 Akola,2016 - 2017,65,"3,700.00",56.92,15.846,34.662,24.831,0,0,0
 Akola,2017 - 2018,45,"2,300.00",51.11,15.619,34.969,24.978,0,0,0
 Akola,2018 - 2019,20,"1,000.00",50,15.967,35.276,25.053,0,0,0
 Akola,2019 - 2020,27,"1,728.00",64,15.224,33.937,24.591,0,0,0
 Akola,2022 - 2023,150,"8,307.00",55.38,15.211,33.545,24.098,0,0,0
Amravati,1999 - 2000,"1,900.00","1,85,900.00",97.84,15.1,34.141,24.174,11.846,3.152,3.398
Amravati,2000 - 2001,"3,500.00","2,86,900.00",81.97,15.713,35.346,24.892,10.512,2.23,3.376
Amravati,2001 - 2002,"3,000.00","2,04,100.00",68.03,15.363,34.706,24.745,11.619,2.709,3.366
Amravati,2002 - 2003,"2,300.00","1,24,000.00",53.91,15.99,35.477,25.404,11.147,2.537,3.615
Amravati,2003 - 2004,"2,500.00","1,55,300.00",62.12,15.54,34.36,24.718,12.338,3.102,3.533
Amravati,2004 - 2005,"1,400.00","58,700.00",41.93,15.702,35.484,25.119,11.386,2.071,3.374
Amravati,2005 - 2006,"1,100.00","72,500.00",65.91,15.123,34.338,24.521,12.052,3.357,3.494
Amravati,2006 - 2007,700,"39,700.00",56.71,16.175,34.017,24.777,12.799,4.271,3.298
Amravati,2007 - 2008,"1,200.00","95,900.00",79.92,15.904,34.648,24.816,11.936,2.808,3.253
Amravati,2008 - 2009,800,"43,900.00",54.88,15.374,34.488,24.77,11.735,2.52,3.199
Amravati,2009 - 2010,200,"14,000.00",70,16.413,35.116,25.621,11.929,2.69,3.359
Amravati,2010 - 2011,300,"20,700.00",69,16.536,33.894,25.163,13.195,3.916,3.23
Amravati,2011 - 2012,400,"28,700.00",71.75,15.841,34.356,24.592,12.062,2.62,3.237
Amravati,2012 - 2013,300,"16,700.00",55.67,14.605,34.357,24.558,11.842,3.003,3.418
Amravati,2013 - 2014,300,"21,700.00",72.33,15.562,33.512,24.215,12.953,3.991,3.52
Amravati,2014 - 2015,400,"16,100.00",40.25,15.799,35.467,25.14,12.073,2.449,3.576
Amravati,2015 - 2016,300,"15,900.00",53,15.359,35.063,25.092,12.152,3.014,3.357
Amravati,2016 - 2017,430,"11,800.00",27.44,15.86,34.646,24.922,11.76,3.193,3.358
Amravati,2017 - 2018,121,"4,800.00",39.67,15.881,35.099,25.115,11.627,2.22,3.3
Amravati,2018 - 2019,254,"14,478.00",57,16.001,35.231,25.075,11.237,2.718,3.34
Amravati,2019 - 2020,175,"6,043.00",34.53,15.272,34.121,24.707,12.462,2.778,3.578
Amravati,2022 - 2023,354,"14,071.50",39.75,15.194,33.662,24.132,13.089,4.41,3.241
Aurangabad,1999 - 2000,"19,600.00","14,53,000.00",74.13,17.406,35.161,25.585,13.184,1.518,4.267
Aurangabad,2000 - 2001,"18,400.00","12,80,900.00",69.61,17.702,34.503,25.687,13.548,2.682,3.973
Aurangabad,2001 - 2002,"10,300.00","5,21,500.00",50.63,17.93,35.018,25.907,13.68,2.45,4.153
Aurangabad,2002 - 2003,"11,800.00","7,35,000.00",62.29,18.082,35.893,26.3,13.593,2.287,4.105
Aurangabad,2003 - 2004,"8,400.00","3,77,300.00",44.92,18.129,35.106,26.122,13.942,2.137,4.191
Aurangabad,2004 - 2005,"6,400.00","5,09,500.00",79.61,17.695,34.503,25.686,13.639,2.134,4.105
Aurangabad,2005 - 2006,"10,600.00","6,46,600.00",61,17.748,34.177,25.476,14.26,3.186,4.208
Aurangabad,2006 - 2007,"17,600.00","16,85,400.00",95.76,17.919,33.845,25.419,14.208,2.959,4.042
Aurangabad,2007 - 2008,"34,300.00","27,11,500.00",79.05,17.75,34.137,25.338,14.094,2.885,3.999
Aurangabad,2008 - 2009,"17,500.00","13,15,700.00",75.18,17.352,34.206,25.596,14.113,2.966,3.969
Aurangabad,2009 - 2010,"13,600.00","11,54,500.00",84.89,18.341,35.5,26.386,14.01,2.429,4.145
Aurangabad,2010 - 2011,"23,300.00","19,59,500.00",84.1,18.306,33.942,25.844,15.009,3.488,3.904
Aurangabad,2011 - 2012,"20,100.00","17,05,200.00",84.84,17.802,34.712,25.712,13.671,1.893,4.218
Aurangabad,2012 - 2013,"14,800.00","6,30,900.00",42.63,17.248,35.114,25.912,13.429,2.351,4.188
Aurangabad,2013 - 2014,"14,600.00","11,70,600.00",80.18,17.433,33.358,25.275,14.277,2.848,4.215
Aurangabad,2014 - 2015,"13,900.00","9,32,200.00",67.06,17.732,35.259,25.976,13.788,2.234,4.18
Aurangabad,2015 - 2016,"15,300.00","6,70,700.00",43.84,18,35.476,26.32,13.742,2.007,3.985
Aurangabad,2016 - 2017,"14,644.00","8,73,100.00",59.62,17.8,34.966,25.768,13.609,2.295,4.094
Aurangabad,2017 - 2018,"21,325.00","11,72,900.00",55,17.81,34.72,25.794,13.866,2.381,3.821
Aurangabad,2018 - 2019,"26,337.00","13,27,730.00",50.41,17.919,35.534,26.264,12.956,1.443,4.129
Aurangabad,2019 - 2020,"13,304.00","7,41,275.00",55.72,18.09,34.617,25.954,14.504,2.655,4.171
Aurangabad,2020 - 2021,"18,603.40","14,42,196.88",77.52,17.891,33.336,25.427,15.294,3.696,3.921
Aurangabad,2021 - 2022,"40,030.00","22,87,961.28",57.16,18.082,33.664,25.641,14.962,3.21,3.834
Aurangabad,2022 - 2023,"40,000.00","32,09,600.00",80.24,17.261,33.723,25.328,14.743,3.027,3.819
 Beed,1999 - 2000,"32,000.00","22,30,000.00",69.69,16.909,35.486,25.416,12.051,1.427,4.523
 Beed,2000 - 2001,"34,000.00","25,51,900.00",75.06,17.06,34.186,25.219,12.261,1.782,4.235
 Beed,2001 - 2002,"34,700.00","23,06,000.00",66.46,17.335,34.981,25.529,12.274,1.65,4.416
 Beed,2002 - 2003,"34,000.00","22,15,000.00",65.15,17.724,35.893,25.868,12.265,1.265,4.514
 Beed,2003 - 2004,"21,600.00","8,49,000.00",39.31,17.72,35.389,25.91,12.522,1.249,4.48
 Beed,2004 - 2005,"13,100.00","8,75,500.00",66.83,17.078,34.639,25.385,12.123,1.175,4.509
 Beed,2005 - 2006,"23,400.00","16,13,000.00",68.93,17.161,33.911,24.992,13.224,2.397,4.05
 Beed,2006 - 2007,"46,700.00","31,21,400.00",66.84,17.319,33.788,24.923,12.978,1.737,4.493
 Beed,2007 - 2008,"74,000.00","64,97,900.00",87.81,17.202,34.061,24.916,12.959,2.611,4.148
 Beed,2008 - 2009,"44,400.00","40,65,400.00",91.56,16.799,34.035,25.13,13.016,2.117,4.156
 Beed,2009 - 2010,"43,200.00","31,95,300.00",73.97,17.779,35.415,25.885,12.955,1.898,4.463
 Beed,2010 - 2011,"58,800.00","38,74,900.00",65.9,17.453,34.018,25.439,13.577,2.101,4.15
 Beed,2011 - 2012,"53,600.00","34,87,500.00",65.07,17.477,34.966,25.607,12.178,0.966,4.822
 Beed,2012 - 2013,"51,400.00","28,17,000.00",54.81,16.91,35.569,25.785,11.909,1.169,4.657
 Beed,2013 - 2014,"46,000.00","25,67,300.00",55.81,16.995,33.223,24.958,12.7,1.455,4.674
 Beed,2014 - 2015,"37,600.00","17,23,500.00",45.84,17.354,35.14,25.592,12.798,1.63,4.5
 Beed,2015 - 2016,"36,100.00","7,97,600.00",22.09,17.757,36.141,26.311,12.567,1.264,4.461
 Beed,2016 - 2017,"12,292.00","4,95,900.00",40.34,17.491,35.489,25.599,12.022,1.442,4.219
 Beed,2017 - 2018,"36,050.00","20,72,850.00",57.5,17.15,34.956,25.463,12.543,1.916,3.934
 Beed,2018 - 2019,"49,690.00","17,65,090.00",35.52,17.429,35.951,26.162,11.481,0.785,4.485
 Beed,2019 - 2020,"22,717.00","12,41,011.00",54.63,17.852,35.085,25.937,13.279,1.759,4.388
 Beed,2020 - 2021,"63,374.00","47,85,297.55",75.51,17.546,33.171,25.066,14.091,2.695,4.055
 Beed,2021 - 2022,"49,581.00","29,19,221.71",58.88,17.326,33.694,25.143,13.71,1.954,4.207
 Beed,2022 - 2023,"84,208.00","67,36,640.00",80,16.711,34.07,25.05,13.667,2.214,3.965
Bhandara,1999 - 2000,"1,100.00","96,300.00",87.55,15.528,34.513,24.533,0,0,0
Bhandara,2000 - 2001,"1,500.00","1,08,800.00",72.53,15.617,35.123,24.987,0,0,0
Bhandara,2001 - 2002,"1,400.00","51,800.00",37,15.756,34.553,24.912,0,0,0
Bhandara,2002 - 2003,"1,400.00","67,000.00",47.86,16.166,35.106,25.417,0,0,0
Bhandara,2003 - 2004,"1,500.00","71,000.00",47.33,16.075,34.492,24.975,0,0,0
Bhandara,2004 - 2005,"1,000.00","58,500.00",58.5,15.815,35.035,24.811,0,0,0
Bhandara,2005 - 2006,500,"19,000.00",38,15.43,34.287,24.719,0,0,0
Bhandara,2006 - 2007,"1,600.00","90,100.00",56.31,16.257,34.571,25.09,0,0,0
Bhandara,2007 - 2008,"1,800.00","84,600.00",47,16.305,34.549,24.89,0,0,0
Bhandara,2008 - 2009,"2,500.00","1,14,900.00",45.96,15.368,34.151,24.632,0,0,0
Bhandara,2009 - 2010,"1,200.00","54,900.00",45.75,16.625,35.156,25.821,0,0,0
Bhandara,2010 - 2011,"1,100.00","59,600.00",54.18,16.528,34.165,25.503,0,0,0
Bhandara,2011 - 2012,"3,000.00","2,31,700.00",77.23,15.898,34.304,24.705,0,0,0
Bhandara,2012 - 2013,"2,900.00","1,91,300.00",65.97,14.501,34.617,24.785,0,0,0
Bhandara,2013 - 2014,600,"36,100.00",60.17,15.745,33.43,24.448,0,0,0
Bhandara,2014 - 2015,"6,700.00","4,90,800.00",73.25,15.548,35.152,24.939,0,0,0
Bhandara,2015 - 2016,"4,400.00","2,94,500.00",66.93,15.737,34.621,25.116,0,0,0
Bhandara,2016 - 2017,"4,210.00","2,85,300.00",67.77,16.082,34.601,25.081,0,0,0
Bhandara,2017 - 2018,"3,574.00","2,32,300.00",65,16.065,35.188,25.217,0,0,0
Bhandara,2018 - 2019,"4,208.00","2,82,104.00",67.04,16.108,34.688,24.989,0,0,0
Bhandara,2019 - 2020,"3,450.00","2,37,498.00",68.84,15.49,34.187,24.85,0,0,0
Bhandara,2020 - 2021,"4,850.00","2,71,041.54",55.88,15.402,32.775,23.962,0,0,0
Bhandara,2021 - 2022,"2,338.00","1,58,470.32",67.78,15.644,34.039,24.862,0,0,0
Bhandara,2022 - 2023,"3,918.00","1,21,458.00",31,15.471,33.82,24.431,0,0,0
Buldhana,1999 - 2000,"1,000.00","94,600.00",94.6,15.224,34.707,24.354,11.308,2.478,3.572
Buldhana,2000 - 2001,"1,200.00","1,03,600.00",86.33,15.537,35.82,25.126,10.036,2.085,3.594
Buldhana,2001 - 2002,"1,100.00","89,400.00",81.27,15.514,35.572,25.086,11.036,2.264,3.547
Buldhana,2002 - 2003,"1,300.00","84,000.00",64.62,15.932,36.118,25.626,10.549,2.126,3.759
Buldhana,2003 - 2004,"1,000.00","69,200.00",69.2,15.63,35.002,25.044,11.523,2.249,3.726
Buldhana,2004 - 2005,700,"57,100.00",81.57,15.727,35.382,25.326,11.093,2.071,3.542
Buldhana,2005 - 2006,300,"11,600.00",38.67,15.392,34.729,24.75,11.637,3.196,3.642
Buldhana,2006 - 2007,"1,400.00","95,200.00",68,16.38,34.054,24.874,12.369,3.959,3.39
Buldhana,2007 - 2008,"2,800.00","1,65,300.00",59.04,15.968,34.744,24.993,11.742,2.659,3.355
Buldhana,2008 - 2009,"2,200.00","1,22,900.00",55.86,15.308,35.405,25.247,11.168,2.018,3.444
Buldhana,2009 - 2010,"1,400.00","97,400.00",69.57,16.353,35.507,25.738,11.691,2.582,3.495
Buldhana,2010 - 2011,"1,000.00","61,000.00",61,16.543,34.007,25.182,13.006,3.338,3.309
Buldhana,2011 - 2012,300,"17,500.00",58.33,16.042,34.718,24.802,11.623,2.475,3.434
Buldhana,2012 - 2013,100,"4,400.00",44,14.777,34.858,24.809,11.192,2.355,3.634
Buldhana,2013 - 2014,100,"8,100.00",81,15.401,33.555,24.329,12.448,3.197,3.698
Buldhana,2014 - 2015,300,"18,700.00",62.33,15.517,35.676,25.241,11.885,2.222,3.699
Buldhana,2015 - 2016,300,"15,000.00",50,15.309,35.627,25.312,11.636,2.691,3.441
Buldhana,2016 - 2017,535,"35,700.00",66.73,15.769,34.848,24.906,11.272,2.956,3.466
Buldhana,2017 - 2018,257,"12,900.00",50.19,15.499,34.985,25.03,11.509,2.736,3.355
Buldhana,2018 - 2019,311,"13,995.00",45,16.02,35.644,25.277,10.656,2.423,3.504
Buldhana,2019 - 2020,397,"27,731.00",69.85,15.311,34.07,24.713,12.326,3.254,3.646
Buldhana,2022 - 2023,"1,092.00","63,237.72",57.91,15.219,33.672,24.178,12.681,3.574,3.354
Chandrapur,2014 - 2015,100,"9,000.00",90,17.078,35.65,25.846,0,0,0
Chandrapur,2015 - 2016,100,"6,900.00",69,17.294,35.56,26.203,0,0,0
Chandrapur,2016 - 2017,50,"2,000.00",40,17.314,34.953,25.581,0,0,0
Chandrapur,2017 - 2018,26,"1,300.00",50,17.034,35.004,25.516,0,0,0
Chandrapur,2018 - 2019,64,"3,840.00",60,16.9,35.183,25.663,0,0,0
Chandrapur,2022 - 2023,18,"1,080.00",60,16.417,34.475,25.347,0,0,0
 Dhule,1999 - 2000,"5,600.00","4,52,000.00",80.71,0,0,0,0,0,0
 Dhule,2000 - 2001,"5,300.00","3,81,600.00",72,0,0,0,0,0,0
 Dhule,2001 - 2002,"4,400.00","2,81,900.00",64.07,0,0,0,0,0,0
 Dhule,2002 - 2003,"4,800.00","2,92,000.00",60.83,0,0,0,0,0,0
 Dhule,2003 - 2004,"5,000.00","3,11,600.00",62.32,0,0,0,0,0,0
 Dhule,2004 - 2005,"3,500.00","2,05,700.00",58.77,0,0,0,0,0,0
 Dhule,2005 - 2006,"5,700.00","3,55,000.00",62.28,0,0,0,0,0,0
 Dhule,2006 - 2007,"9,700.00","6,27,700.00",64.71,0,0,0,0,0,0
 Dhule,2007 - 2008,"12,800.00","8,20,100.00",64.07,0,0,0,0,0,0
 Dhule,2008 - 2009,"7,900.00","4,42,800.00",56.05,0,0,0,0,0,0
 Dhule,2009 - 2010,"4,600.00","3,50,400.00",76.17,0,0,0,0,0,0
 Dhule,2010 - 2011,"5,300.00","4,42,600.00",83.51,0,0,0,0,0,0
 Dhule,2011 - 2012,"5,200.00","3,59,600.00",69.15,0,0,0,0,0,0
 Dhule,2012 - 2013,"5,300.00","4,34,100.00",81.91,0,0,0,0,0,0
 Dhule,2013 - 2014,"6,500.00","5,36,900.00",82.6,0,0,0,0,0,0
 Dhule,2014 - 2015,"7,000.00","4,38,400.00",62.63,0,0,0,0,0,0
 Dhule,2015 - 2016,"2,100.00","1,54,000.00",73.33,0,0,0,0,0,0
 Dhule,2016 - 2017,"4,508.00","5,22,400.00",115.88,0,0,0,0,0,0
 Dhule,2017 - 2018,"2,501.00","1,99,200.00",79.65,0,0,0,0,0,0
 Dhule,2018 - 2019,"2,924.00","2,04,680.00",70,0,0,0,0,0,0
 Dhule,2021 - 2022,"4,000.00","3,73,437.61",93.36,0,0,0,0,0,0
 Dhule,2022 - 2023,"4,381.00","3,94,290.00",90,0,0,0,0,0,0
Gadchiroli,2014 - 2015,100,"9,900.00",99,15.627,34.506,24.447,0,0,0
Gadchiroli,2015 - 2016,100,"4,600.00",46,15.873,34.286,24.753,0,0,0
Gadchiroli,2018 - 2019,15,"1,009.00",67.27,15.997,34.287,24.512,0,0,0
Gadchiroli,2019 - 2020,14,949,67.79,16.215,33.911,24.608,0,0,0
Gondia,2000 - 2001,700,"47,300.00",67.57,15.362,34.319,24.509,0,0,0
Gondia,2001 - 2002,500,"24,200.00",48.4,15.738,33.981,24.514,0,0,0
Gondia,2002 - 2003,500,"23,000.00",46,15.986,34.58,25.019,0,0,0
Gondia,2003 - 2004,500,"28,800.00",57.6,15.996,34.04,24.659,0,0,0
Gondia,2004 - 2005,400,"26,900.00",67.25,15.597,34.035,24.144,0,0,0
Gondia,2005 - 2006,200,"5,400.00",27,15.54,33.746,24.394,0,0,0
Gondia,2006 - 2007,400,"26,000.00",65,16.156,33.806,24.612,0,0,0
Gondia,2007 - 2008,400,"26,900.00",67.25,16.088,33.944,24.395,0,0,0
Gondia,2008 - 2009,400,"17,800.00",44.5,15.305,33.557,24.129,0,0,0
Gondia,2009 - 2010,300,"23,800.00",79.33,16.544,34.625,25.427,0,0,0
Gondia,2010 - 2011,400,"21,600.00",54,16.329,33.81,25.123,0,0,0
Gondia,2011 - 2012,400,"25,400.00",63.5,15.653,33.548,24.159,0,0,0
Gondia,2012 - 2013,200,"16,600.00",83,14.156,34.008,24.332,0,0,0
Gondia,2013 - 2014,300,"21,500.00",71.67,15.567,32.838,24.044,0,0,0
Gondia,2014 - 2015,"1,500.00","97,000.00",64.67,15.212,34.288,24.336,0,0,0
Gondia,2015 - 2016,"1,000.00","57,700.00",57.7,15.558,33.994,24.629,0,0,0
Gondia,2016 - 2017,667,"28,300.00",42.43,16.104,34.144,24.734,0,0,0
Gondia,2017 - 2018,"1,129.00","45,200.00",40.04,15.893,34.475,24.66,0,0,0
Gondia,2018 - 2019,"1,528.00","1,02,812.00",67.29,15.919,34.013,24.491,0,0,0
Gondia,2019 - 2020,"1,030.00","76,838.00",74.6,15.449,33.596,24.443,0,0,0
Gondia,2022 - 2023,"1,728.00","1,05,632.64",61.13,15.23,33.305,23.991,0,0,0
Hingoli,1999 - 2000,"20,800.00","16,14,000.00",77.6,15.885,34.617,24.674,12.343,1.809,3.364
Hingoli,2000 - 2001,"15,800.00","10,59,200.00",67.04,16.081,34.652,25.164,12.343,2.388,3.162
Hingoli,2001 - 2002,"16,400.00","12,74,500.00",77.71,16.481,34.988,25.179,12.656,2.015,3.362
Hingoli,2002 - 2003,"16,300.00","12,30,000.00",75.46,16.955,35.576,25.723,12.629,2.379,3.366
Hingoli,2003 - 2004,"13,800.00","8,07,600.00",58.52,16.457,34.789,25.398,13.527,2.846,3.407
Hingoli,2004 - 2005,"6,900.00","4,24,600.00",61.54,16.247,35.296,25.352,12.862,1.961,3.321
Hingoli,2005 - 2006,"7,700.00","5,49,300.00",71.34,15.818,33.892,24.697,13.535,3.705,3.33
Hingoli,2006 - 2007,"14,700.00","9,78,300.00",66.55,16.414,33.917,24.727,13.682,3.247,3.091
Hingoli,2007 - 2008,"17,700.00","11,59,300.00",65.5,16.499,34.362,24.922,13.313,2.472,3.231
Hingoli,2008 - 2009,"8,100.00","3,03,000.00",37.41,15.843,34.333,24.874,13.424,3.431,2.957
Hingoli,2009 - 2010,"7,900.00","4,69,500.00",59.43,17.148,35.57,25.937,13.118,2.373,3.127
Hingoli,2010 - 2011,"4,600.00","3,03,600.00",66,16.959,33.695,25.314,14.148,3.899,3.078
Hingoli,2011 - 2012,"8,400.00","5,56,800.00",66.29,16.706,34.405,24.967,12.919,1.83,3.232
Hingoli,2012 - 2013,"9,000.00","6,78,500.00",75.39,15.618,35.016,25.275,12.708,2.587,3.324
Hingoli,2013 - 2014,"7,200.00","5,16,500.00",71.74,16.005,33.039,24.577,13.953,3.632,3.385
Hingoli,2014 - 2015,"15,200.00","8,55,700.00",56.3,16.341,35.579,25.5,12.852,1.706,3.358
Hingoli,2015 - 2016,"15,200.00","4,62,800.00",30.45,16.603,36.159,26.217,12.691,1.521,3.264
Hingoli,2016 - 2017,"5,000.00","3,12,700.00",62.54,16.518,35.12,25.295,13.134,2.917,3.413
Hingoli,2017 - 2018,"9,500.00","66,500.00",7,16.632,35.651,25.578,13.057,2.888,3.007
Hingoli,2018 - 2019,"11,200.00","7,84,000.00",70,16.694,35.58,25.6,12.299,2.477,3.186
Hingoli,2019 - 2020,"6,121.00","4,01,124.00",65.53,16.251,34.613,25.453,13.844,3.127,3.25
Hingoli,2020 - 2021,"13,500.00","10,17,432.18",75.37,16.622,33.565,24.839,15.031,4.672,2.948
Hingoli,2021 - 2022,"27,968.00","23,11,725.13",82.66,16.406,33.545,24.898,14.595,3.719,2.82
Hingoli,2022 - 2023,"17,520.00","12,03,448.80",68.69,15.726,34.065,24.566,14.129,4.242,3.011
Jalgaon,1999 - 2000,"9,400.00","8,71,500.00",92.71,0,0,0,0,0,0
Jalgaon,2000 - 2001,"14,500.00","12,03,400.00",82.99,0,0,0,0,0,0
Jalgaon,2001 - 2002,"13,500.00","10,07,400.00",74.62,0,0,0,0,0,0
Jalgaon,2002 - 2003,"12,000.00","8,55,000.00",71.25,0,0,0,0,0,0
Jalgaon,2003 - 2004,"13,000.00","4,39,900.00",33.84,0,0,0,0,0,0
Jalgaon,2004 - 2005,"14,900.00","9,22,600.00",61.92,0,0,0,0,0,0
Jalgaon,2005 - 2006,"17,000.00","10,99,000.00",64.65,0,0,0,0,0,0
Jalgaon,2006 - 2007,"18,800.00","12,38,400.00",65.87,0,0,0,0,0,0
Jalgaon,2007 - 2008,"22,400.00","14,88,400.00",66.45,0,0,0,0,0,0
Jalgaon,2008 - 2009,"11,700.00","7,64,800.00",65.37,0,0,0,0,0,0
Jalgaon,2009 - 2010,"9,600.00","6,75,400.00",70.35,0,0,0,0,0,0
Jalgaon,2010 - 2011,"11,200.00","8,77,000.00",78.3,0,0,0,0,0,0
Jalgaon,2011 - 2012,"11,200.00","8,20,000.00",73.21,0,0,0,0,0,0
Jalgaon,2012 - 2013,"11,000.00","7,59,100.00",69.01,0,0,0,0,0,0
Jalgaon,2013 - 2014,"11,700.00","8,83,200.00",75.49,0,0,0,0,0,0
Jalgaon,2014 - 2015,"7,900.00","5,53,600.00",70.08,0,0,0,0,0,0
Jalgaon,2015 - 2016,"10,000.00","7,76,600.00",77.66,0,0,0,0,0,0
Jalgaon,2016 - 2017,"9,163.00","8,45,900.00",92.32,0,0,0,0,0,0
Jalgaon,2017 - 2018,"9,330.00","7,93,100.00",85.01,0,0,0,0,0,0
Jalgaon,2018 - 2019,"10,006.00","6,89,413.00",68.9,0,0,0,0,0,0
Jalgaon,2019 - 2020,"6,988.00","4,83,270.00",69.16,0,0,0,0,0,0
Jalgaon,2020 - 2021,"4,860.00","5,35,070.41",110.1,0,0,0,0,0,0
Jalgaon,2021 - 2022,"12,035.00","7,31,795.42",60.81,0,0,0,0,0,0
Jalgaon,2022 - 2023,"16,000.00","11,20,000.00",70,0,0,0,0,0,0
Jalna,1999 - 2000,"12,700.00","9,60,800.00",75.65,16.767,35.399,25.366,11.589,1.769,3.708
Jalna,2000 - 2001,"16,000.00","12,41,700.00",77.61,17.007,35.02,25.566,11.417,2.725,3.444
Jalna,2001 - 2002,"12,700.00","7,97,200.00",62.77,17.173,35.46,25.74,11.963,2.48,3.625
Jalna,2002 - 2003,"16,200.00","11,22,000.00",69.26,17.524,36.171,26.154,11.704,2.319,3.711
Jalna,2003 - 2004,"7,300.00","3,39,700.00",46.53,17.409,35.417,25.906,12.572,2.569,3.711
Jalna,2004 - 2005,"4,600.00","3,56,000.00",77.39,17.054,35.171,25.74,11.937,2.103,3.69
Jalna,2005 - 2006,"10,400.00","7,23,800.00",69.6,16.983,34.505,25.305,12.714,3.77,3.664
Jalna,2006 - 2007,"17,500.00","14,48,200.00",82.75,17.449,34.128,25.282,12.952,3.131,3.563
Jalna,2007 - 2008,"25,100.00","19,01,400.00",75.75,17.163,34.519,25.279,12.418,2.639,3.532
Jalna,2008 - 2009,"20,400.00","14,52,400.00",71.2,16.709,34.789,25.553,12.603,3.542,3.403
Jalna,2009 - 2010,"18,200.00","16,93,700.00",93.06,17.733,35.819,26.272,12.341,2.468,3.576
Jalna,2010 - 2011,"19,300.00","11,92,700.00",61.8,17.759,34.187,25.705,13.465,3.618,3.431
Jalna,2011 - 2012,"18,700.00","13,06,400.00",69.86,17.325,35.162,25.643,12.199,2.251,3.704
Jalna,2012 - 2013,"12,800.00","8,02,600.00",62.7,16.572,35.362,25.721,11.781,2.334,3.689
Jalna,2013 - 2014,"13,500.00","9,72,300.00",72.02,16.83,33.559,25.072,13.149,3.399,3.739
Jalna,2014 - 2015,"21,100.00","10,07,500.00",47.75,17.119,35.696,25.903,12.265,2.081,3.695
Jalna,2015 - 2016,"26,100.00","13,34,100.00",51.11,17.287,36.019,26.266,11.926,1.577,3.579
Jalna,2016 - 2017,"16,430.00","6,11,600.00",37.22,17.271,35.416,25.712,12.119,2.693,3.574
Jalna,2017 - 2018,"23,792.00","14,17,400.00",59.57,17.163,35.216,25.738,11.933,2.24,3.423
Jalna,2018 - 2019,"37,766.00","20,01,598.00",53,17.371,35.973,26.154,11.194,1.873,3.638
Jalna,2019 - 2020,"26,471.00","14,90,170.00",56.29,17.262,34.841,25.773,13.048,2.8,3.636
Jalna,2020 - 2021,"39,093.00","30,09,886.66",76.99,17.228,33.671,25.185,14.096,3.593,3.329
Jalna,2021 - 2022,"34,434.00","20,01,481.13",58.13,17.414,33.963,25.446,13.751,3.657,3.278
Jalna,2022 - 2023,"47,227.00","37,78,160.00",80,16.617,34.055,25.076,13.255,3.748,3.348
Kolhapur,1999 - 2000,"91,900.00","91,07,900.00",99.11,16.843,33.068,24.389,12.695,4.152,3.715
Kolhapur,2000 - 2001,"89,700.00","81,58,300.00",90.95,17.091,32.985,24.282,12.677,3.893,3.627
Kolhapur,2001 - 2002,"1,01,900.00","91,96,600.00",90.25,17.404,33.049,24.464,12.684,3.052,3.9
Kolhapur,2002 - 2003,"98,400.00","84,21,000.00",85.58,17.936,34.079,24.925,12.871,3.315,3.651
Kolhapur,2003 - 2004,"86,900.00","49,18,400.00",56.6,17.93,34.169,25.246,13.092,3.069,3.595
Kolhapur,2004 - 2005,"76,300.00","65,29,400.00",85.58,17.605,33.196,24.679,12.731,3.446,3.756
Kolhapur,2005 - 2006,"94,500.00","72,29,300.00",76.5,17.012,32.758,24.238,13.298,5.727,3.77
Kolhapur,2006 - 2007,"1,06,300.00","85,73,300.00",80.65,17.535,32.405,24.299,13.461,4.989,3.842
Kolhapur,2007 - 2008,"1,13,900.00","97,42,600.00",85.54,17.212,32.862,24.395,13.567,6.116,3.667
Kolhapur,2008 - 2009,"1,02,500.00","84,61,300.00",82.55,16.838,32.989,24.285,13.246,4.3,3.651
Kolhapur,2009 - 2010,"1,12,700.00","98,10,000.00",87.05,17.923,33.046,24.832,13.665,5.105,3.633
Kolhapur,2010 - 2011,"1,39,900.00","1,25,91,000.00",90,17.815,32.505,24.651,14.435,5.772,3.5
Kolhapur,2011 - 2012,"1,46,100.00","1,28,47,200.00",87.93,17.166,32.613,24.393,13.224,4.61,3.942
Kolhapur,2012 - 2013,"1,42,000.00","1,37,39,100.00",96.75,16.844,33.72,24.655,12.847,3.839,3.681
Kolhapur,2013 - 2014,"1,35,200.00","1,35,80,200.00",100.45,17.604,32.503,24.481,13.321,4.578,3.808
Kolhapur,2014 - 2015,"1,46,300.00","1,50,31,600.00",102.75,17.106,33.666,24.634,13.581,4.636,3.67
Kolhapur,2015 - 2016,"1,45,300.00","1,30,97,700.00",90.14,17.413,34.2,25.028,13.428,3.3,3.441
Kolhapur,2016 - 2017,"1,32,631.00","1,24,99,000.00",94.24,17.173,33.764,24.438,12.871,5.686,3.58
Kolhapur,2017 - 2018,"1,43,905.00","1,47,79,000.00",102.7,17.225,33.133,24.539,13.262,4.309,3.469
Kolhapur,2018 - 2019,"1,49,280.00","1,24,91,750.00",83.68,17.179,33.111,24.632,12.783,4.472,3.544
Kolhapur,2019 - 2020,"1,40,484.00","1,13,84,118.00",81.03,17.924,32.986,24.75,13.955,8.304,3.665
Kolhapur,2020 - 2021,"1,57,752.00","1,46,99,900.74",93.18,17.419,32.095,24.386,14.621,7.387,3.448
Kolhapur,2021 - 2022,"1,78,091.00","1,71,46,726.25",96.28,17.913,31.951,24.651,14.687,6.242,3.272
Kolhapur,2022 - 2023,"1,75,560.00","1,58,17,956.00",90.1,16.976,32.746,24.161,14.129,5.344,3.365
Latur,1999 - 2000,"27,900.00","19,75,300.00",70.8,16.476,35.333,25.142,12.745,1.49,4.209
Latur,2000 - 2001,"28,900.00","20,07,200.00",69.45,16.436,33.919,24.861,13.399,2.212,3.926
Latur,2001 - 2002,"36,100.00","21,07,300.00",58.37,16.875,34.494,25.169,13.093,2.061,4.125
Latur,2002 - 2003,"31,300.00","15,40,000.00",49.2,17.24,35.779,25.585,13.311,1.681,4.127
Latur,2003 - 2004,"19,400.00","10,23,900.00",52.78,17.187,35.217,25.636,13.517,1.777,4.122
Latur,2004 - 2005,"15,500.00","8,34,400.00",53.83,16.616,34.694,25.19,13.022,1.319,4.169
Latur,2005 - 2006,"18,300.00","14,15,200.00",77.33,16.596,33.509,24.564,14.025,2.818,3.786
Latur,2006 - 2007,"45,800.00","32,23,400.00",70.38,16.759,33.777,24.562,13.757,2.055,4.022
Latur,2007 - 2008,"67,900.00","42,69,800.00",62.88,16.873,33.914,24.626,13.729,3.376,3.87
Latur,2008 - 2009,"38,400.00","20,74,600.00",54.03,16.328,33.875,24.76,13.728,2.28,3.892
Latur,2009 - 2010,"39,900.00","30,31,400.00",75.97,17.423,35.203,25.574,13.576,2.085,4.138
Latur,2010 - 2011,"33,000.00","22,63,800.00",68.6,16.898,33.751,25.216,14.373,2.67,3.809
Latur,2011 - 2012,"42,900.00","31,13,200.00",72.57,17.129,34.906,25.34,13.064,1.306,4.327
Latur,2012 - 2013,"46,400.00","30,51,100.00",65.76,16.518,35.323,25.546,12.757,1.699,4.235
Latur,2013 - 2014,"41,500.00","29,02,800.00",69.95,16.563,33.067,24.683,13.595,2.054,4.292
Latur,2014 - 2015,"46,400.00","23,54,600.00",50.75,16.904,34.892,25.23,13.42,1.977,4.107
Latur,2015 - 2016,"41,500.00","12,47,900.00",30.07,17.23,36.085,26.088,13.309,1.548,4.08
Latur,2016 - 2017,"9,000.00","5,09,300.00",56.59,17.06,35.076,25.218,12.957,1.641,3.995
Latur,2017 - 2018,"40,000.00","24,40,000.00",61,16.801,34.911,25.191,13.404,2.257,3.579
Latur,2018 - 2019,"62,300.00","37,74,134.00",60.58,17.036,35.942,25.932,12.193,1.034,4.202
Latur,2019 - 2020,"29,762.00","20,32,745.00",68.3,17.508,34.848,25.777,14.062,2.211,4.094
Latur,2020 - 2021,"30,100.00","22,75,681.57",75.6,17.388,32.997,24.873,14.873,3.287,3.75
Latur,2021 - 2022,"71,218.00","63,04,898.62",88.53,16.955,33.673,24.944,14.142,1.742,3.899
Latur,2022 - 2023,"63,158.00","55,85,798.78",88.44,16.445,34.079,24.92,14.231,2.251,3.769
Nagpur,1999 - 2000,700,"61,900.00",88.43,15.562,34.598,24.636,12.42,3.561,3.106
Nagpur,2000 - 2001,900,"71,200.00",79.11,15.799,35.304,25.155,11.412,2.658,3.013
Nagpur,2001 - 2002,900,"52,400.00",58.22,15.832,34.862,25.071,12.432,3.273,3.014
Nagpur,2002 - 2003,"1,300.00","49,000.00",37.69,16.303,35.374,25.595,12.141,3.192,3.228
Nagpur,2003 - 2004,900,"52,900.00",58.78,16.119,34.594,25.103,13.235,4.21,3.203
Nagpur,2004 - 2005,400,"29,600.00",74,15.871,35.329,25.043,12.455,2.729,3.043
Nagpur,2006 - 2007,200,"7,200.00",36,16.29,34.546,25.139,13.258,4.339,2.94
Nagpur,2007 - 2008,300,"22,900.00",76.33,16.374,34.659,25,12.72,3.559,2.976
Nagpur,2008 - 2009,200,"11,500.00",57.5,15.488,34.337,24.792,12.792,3.501,2.869
Nagpur,2009 - 2010,200,"14,100.00",70.5,16.714,35.327,25.933,12.647,3.356,2.918
Nagpur,2010 - 2011,300,"6,200.00",20.67,16.612,34.251,25.571,13.562,5.101,2.886
Nagpur,2011 - 2012,700,"48,000.00",68.57,16.067,34.506,24.843,12.783,3.252,2.915
Nagpur,2012 - 2013,300,"22,100.00",73.67,14.69,34.712,24.899,12.571,4.288,3.118
Nagpur,2013 - 2014,300,"20,000.00",66.67,15.825,33.563,24.523,13.678,5.354,3.156
Nagpur,2014 - 2015,"3,800.00","2,58,500.00",68.03,15.791,35.411,25.18,12.976,3.2,3.193
Nagpur,2015 - 2016,"4,400.00","2,96,500.00",67.39,15.839,34.937,25.332,13.174,3.809,2.968
Nagpur,2016 - 2017,"4,599.00","1,98,300.00",43.12,16.137,34.744,25.154,12.847,4.213,3.029
Nagpur,2017 - 2018,"4,268.00","2,21,900.00",51.99,16.191,35.27,25.289,12.742,3.355,2.882
Nagpur,2018 - 2019,"4,757.00","2,64,394.00",55.58,16.169,34.956,25.135,12.148,3.417,3.049
Nagpur,2019 - 2020,"3,750.00","2,12,925.00",56.78,15.576,34.358,24.977,13.286,4.373,3.199
Nagpur,2020 - 2021,"3,227.00","1,82,536.87",56.57,15.53,32.916,24.131,14.381,3.857,2.839
Nagpur,2021 - 2022,"3,526.00","3,48,897.65",98.95,15.686,34.018,24.895,13.71,3.948,2.86
Nagpur,2022 - 2023,"3,242.00","1,71,210.02",52.81,15.453,33.938,24.489,13.563,5.6,2.865
 Nanded,1999 - 2000,"14,800.00","11,27,100.00",76.16,0,0,0,0,0,0
 Nanded,2000 - 2001,"14,700.00","9,53,600.00",64.87,0,0,0,0,0,0
 Nanded,2001 - 2002,"14,700.00","9,20,000.00",62.59,0,0,0,0,0,0
 Nanded,2002 - 2003,"14,500.00","10,60,000.00",73.1,0,0,0,0,0,0
 Nanded,2003 - 2004,"14,200.00","10,07,300.00",70.94,0,0,0,0,0,0
 Nanded,2004 - 2005,"9,600.00","4,71,700.00",49.14,0,0,0,0,0,0
 Nanded,2005 - 2006,"9,900.00","6,61,200.00",66.79,0,0,0,0,0,0
 Nanded,2006 - 2007,"27,200.00","17,01,200.00",62.54,0,0,0,0,0,0
 Nanded,2007 - 2008,"33,800.00","22,98,500.00",68,0,0,0,0,0,0
 Nanded,2008 - 2009,"19,200.00","11,13,900.00",58.02,0,0,0,0,0,0
 Nanded,2009 - 2010,"12,900.00","6,21,300.00",48.16,0,0,0,0,0,0
 Nanded,2010 - 2011,"13,700.00","8,27,500.00",60.4,0,0,0,0,0,0
 Nanded,2011 - 2012,"23,900.00","17,52,000.00",73.31,0,0,0,0,0,0
 Nanded,2012 - 2013,"12,800.00","10,47,900.00",81.87,0,0,0,0,0,0
 Nanded,2013 - 2014,"12,200.00","10,20,700.00",83.66,0,0,0,0,0,0
 Nanded,2014 - 2015,"18,800.00","11,13,200.00",59.21,0,0,0,0,0,0
 Nanded,2015 - 2016,"18,800.00","5,29,500.00",28.16,0,0,0,0,0,0
 Nanded,2016 - 2017,"14,501.00","8,60,400.00",59.33,0,0,0,0,0,0
 Nanded,2017 - 2018,"23,000.00","14,95,000.00",65,0,0,0,0,0,0
 Nanded,2018 - 2019,"23,303.00","7,45,696.00",32,0,0,0,0,0,0
 Nanded,2019 - 2020,"30,000.00","19,66,125.00",65.54,0,0,0,0,0,0
 Nanded,2020 - 2021,"21,900.00","18,36,294.46",83.85,0,0,0,0,0,0
 Nanded,2021 - 2022,"38,052.00","32,21,788.46",84.67,0,0,0,0,0,0
 Nanded,2022 - 2023,"35,943.00","17,97,150.00",50,0,0,0,0,0,0
 Nandurbar,1999 - 2000,"7,500.00","4,55,600.00",60.75,0,0,0,0,0,0
 Nandurbar,2000 - 2001,"8,200.00","5,72,700.00",69.84,0,0,0,0,0,0
 Nandurbar,2001 - 2002,"5,900.00","3,56,100.00",60.36,0,0,0,0,0,0
 Nandurbar,2002 - 2003,"6,000.00","4,18,000.00",69.67,0,0,0,0,0,0
 Nandurbar,2003 - 2004,"4,000.00","2,48,100.00",62.03,0,0,0,0,0,0
 Nandurbar,2004 - 2005,"4,200.00","2,56,600.00",61.1,0,0,0,0,0,0
 Nandurbar,2005 - 2006,"5,600.00","3,56,000.00",63.57,0,0,0,0,0,0
 Nandurbar,2006 - 2007,"13,800.00","9,15,800.00",66.36,0,0,0,0,0,0
 Nandurbar,2007 - 2008,"24,300.00","17,94,200.00",73.84,0,0,0,0,0,0
 Nandurbar,2008 - 2009,"11,000.00","8,10,900.00",73.72,0,0,0,0,0,0
 Nandurbar,2009 - 2010,"9,700.00","6,75,400.00",69.63,0,0,0,0,0,0
 Nandurbar,2010 - 2011,"10,200.00","7,38,500.00",72.4,0,0,0,0,0,0
 Nandurbar,2011 - 2012,"8,300.00","7,78,700.00",93.82,0,0,0,0,0,0
 Nandurbar,2012 - 2013,"10,800.00","7,94,000.00",73.52,0,0,0,0,0,0
 Nandurbar,2013 - 2014,"10,800.00","8,32,600.00",77.09,0,0,0,0,0,0
 Nandurbar,2014 - 2015,"8,000.00","6,33,800.00",79.23,0,0,0,0,0,0
 Nandurbar,2015 - 2016,"14,100.00","10,44,800.00",74.1,0,0,0,0,0,0
 Nandurbar,2016 - 2017,"10,952.00","8,72,300.00",79.65,0,0,0,0,0,0
 Nandurbar,2017 - 2018,"14,887.00","12,66,900.00",85.1,0,0,0,0,0,0
 Nandurbar,2018 - 2019,"15,477.00","13,54,857.00",87.54,0,0,0,0,0,0
 Nandurbar,2019 - 2020,"14,585.00","11,28,876.00",77.4,0,0,0,0,0,0
 Nandurbar,2020 - 2021,"17,671.00","13,18,193.19",74.6,0,0,0,0,0,0
 Nandurbar,2021 - 2022,"23,201.00","9,62,023.58",41.46,0,0,0,0,0,0
 Nandurbar,2022 - 2023,"24,042.00","20,56,071.84",85.52,0,0,0,0,0,0
Nashik,1999 - 2000,"23,400.00","19,63,800.00",83.92,15.666,34.651,24.388,11.663,3.095,3.542
Nashik,2000 - 2001,"25,100.00","22,84,500.00",91.02,16.048,35.589,24.862,10.418,2.354,3.453
Nashik,2001 - 2002,"23,600.00","18,46,900.00",78.26,16.111,34.745,24.682,11.518,2.994,3.383
Nashik,2002 - 2003,"23,300.00","16,53,000.00",70.94,15.955,35.619,25.098,11.11,2.752,3.599
Nashik,2003 - 2004,"20,400.00","11,59,400.00",56.83,15.988,34.447,24.72,12.383,3.978,3.511
Nashik,2004 - 2005,"12,100.00","6,72,900.00",55.61,16.216,34.442,24.727,11.581,3.118,3.43
Nashik,2005 - 2006,"14,300.00","7,29,500.00",51.01,15.568,33.939,24.131,11.951,4.501,3.499
Nashik,2006 - 2007,"28,500.00","19,59,900.00",68.77,16.569,33.494,24.499,12.558,4.718,3.302
Nashik,2007 - 2008,"50,200.00","43,06,300.00",85.78,16.452,34.052,24.523,12.055,3.742,3.287
Nashik,2008 - 2009,"38,300.00","26,74,400.00",69.83,15.434,34.269,24.483,11.674,3.324,3.294
Nashik,2009 - 2010,"31,100.00","22,68,100.00",72.93,16.479,34.976,25.178,12.102,3.292,3.38
Nashik,2010 - 2011,"25,700.00","19,89,200.00",77.4,16.732,33.495,24.669,13.179,4.364,3.162
Nashik,2011 - 2012,"24,600.00","18,61,200.00",75.66,16.18,34.06,24.486,11.909,3.28,3.308
Nashik,2012 - 2013,"24,600.00","18,63,900.00",75.77,15.249,34.539,24.508,11.687,3.305,3.559
Nashik,2013 - 2014,"21,000.00","17,86,500.00",85.07,15.796,33.27,23.989,12.829,4.694,3.494
Nashik,2014 - 2015,"16,800.00","13,84,200.00",82.39,15.633,34.84,24.599,12.211,3.192,3.561
Nashik,2015 - 2016,"19,000.00","15,31,200.00",80.59,15.813,35.021,24.818,12.259,3.604,3.325
Nashik,2016 - 2017,"11,216.00","9,66,200.00",86.14,16.088,34.884,24.584,11.668,3.841,3.356
Nashik,2017 - 2018,"11,865.00","9,88,600.00",83.32,15.912,34.583,24.685,11.934,3.403,3.227
Nashik,2018 - 2019,"15,345.00","14,61,304.00",95.23,16.409,35.478,25.171,11.083,2.822,3.412
Nashik,2019 - 2020,"13,644.00","10,94,464.00",80.22,15.826,33.773,24.276,12.705,4.646,3.551
Nashik,2020 - 2021,"14,366.00","16,23,785.20",113.03,15.299,33.239,24.085,13.656,4.28,3.036
Nashik,2021 - 2022,"20,923.00","16,03,003.29",76.61,16.601,33.657,24.682,13.092,3.768,3.197
Nashik,2022 - 2023,"30,965.00","28,36,084.35",91.59,15.54,33.336,24.051,12.835,4.984,3.256
 Osmanabad,1999 - 2000,"26,600.00","18,59,500.00",69.91,16.624,36.036,25.674,12.359,1.507,4.447
 Osmanabad,2000 - 2001,"25,700.00","18,53,300.00",72.11,16.449,34.754,25.288,12.754,1.93,4.148
 Osmanabad,2001 - 2002,"27,100.00","16,62,800.00",61.36,16.92,34.979,25.579,12.632,1.903,4.344
 Osmanabad,2002 - 2003,"24,600.00","12,77,000.00",51.91,17.385,36.386,26.048,12.755,1.458,4.416
 Osmanabad,2003 - 2004,"12,400.00","3,43,500.00",27.7,17.454,36.24,26.292,12.967,1.506,4.348
 Osmanabad,2004 - 2005,"4,200.00","2,24,600.00",53.48,16.778,35.124,25.603,12.539,1.19,4.433
 Osmanabad,2005 - 2006,"10,900.00","7,23,400.00",66.37,16.778,33.959,24.943,13.584,2.599,3.978
 Osmanabad,2006 - 2007,"39,600.00","31,20,700.00",78.81,16.952,34.668,25.109,13.355,1.863,4.317
 Osmanabad,2007 - 2008,"53,800.00","35,86,100.00",66.66,16.976,34.514,25.113,13.255,3.048,4.085
 Osmanabad,2008 - 2009,"35,700.00","23,54,500.00",65.95,16.429,34.45,25.166,13.345,2.212,4.091
 Osmanabad,2009 - 2010,"38,200.00","31,92,200.00",83.57,17.605,35.693,26.003,13.194,1.891,4.394
 Osmanabad,2010 - 2011,"43,200.00","31,75,200.00",73.5,17.105,34.434,25.755,13.876,2.354,4.087
 Osmanabad,2011 - 2012,"54,500.00","36,63,100.00",67.21,17.417,35.714,25.975,12.55,1.106,4.644
 Osmanabad,2012 - 2013,"52,200.00","22,33,500.00",42.79,16.748,36.087,26.113,12.28,1.419,4.533
 Osmanabad,2013 - 2014,"68,900.00","31,75,200.00",46.08,16.751,34.18,25.292,13.102,1.708,4.582
 Osmanabad,2014 - 2015,"39,800.00","15,92,200.00",40.01,16.983,35.258,25.655,13.053,1.795,4.38
 Osmanabad,2015 - 2016,"22,700.00","6,13,700.00",27.04,17.24,36.499,26.448,12.875,1.367,4.363
 Osmanabad,2016 - 2017,"12,000.00","4,27,900.00",35.66,17.179,35.542,25.562,12.454,1.55,4.16
 Osmanabad,2017 - 2018,"35,000.00","15,75,000.00",45,16.911,35.359,25.511,12.926,2.086,3.811
 Osmanabad,2018 - 2019,"57,200.00","28,39,246.00",49.64,16.96,36.284,26.264,11.796,0.924,4.421
 Osmanabad,2019 - 2020,"30,006.00","16,21,905.00",54.05,17.837,35.494,26.228,13.621,1.906,4.339
 Osmanabad,2020 - 2021,"60,000.00","46,27,647.19",77.13,17.556,33.476,25.319,14.4,2.92,3.961
 Osmanabad,2021 - 2022,"93,396.00","63,27,878.46",67.75,17.121,34.33,25.438,13.844,1.813,4.146
 Osmanabad,2022 - 2023,"74,275.00","40,47,244.75",54.49,16.691,34.537,25.433,13.919,2.318,3.924
 Parbhani,1999 - 2000,"12,300.00","10,96,000.00",89.11,15.954,34.86,24.767,12.445,1.63,3.799
 Parbhani,2000 - 2001,"12,900.00","8,49,600.00",65.86,16.114,34.482,25.072,12.692,2.696,3.549
 Parbhani,2001 - 2002,"12,100.00","10,71,300.00",88.54,16.519,34.759,25.105,12.881,2.359,3.731
 Parbhani,2002 - 2003,"15,800.00","9,02,000.00",57.09,17.036,35.64,25.702,12.792,2.243,3.739
 Parbhani,2003 - 2004,"13,400.00","8,54,500.00",63.77,16.64,35.027,25.507,13.469,2.527,3.774
 Parbhani,2004 - 2005,"8,900.00","4,96,600.00",55.8,16.231,35.122,25.298,12.836,1.932,3.749
 Parbhani,2005 - 2006,"11,000.00","7,40,000.00",67.27,15.922,33.746,24.63,13.602,3.521,3.71
 Parbhani,2006 - 2007,"20,900.00","17,58,300.00",84.13,16.415,33.788,24.603,13.67,2.978,3.591
 Parbhani,2007 - 2008,"18,900.00","14,45,800.00",76.5,16.538,34.289,24.877,13.414,2.793,3.568
 Parbhani,2008 - 2009,"12,300.00","9,39,400.00",76.37,15.734,34.273,24.791,13.464,3.232,3.462
 Parbhani,2009 - 2010,"11,000.00","8,56,600.00",77.87,17.152,35.605,25.853,13.215,2.429,3.675
 Parbhani,2010 - 2011,"15,500.00","14,15,200.00",91.3,16.837,33.553,25.261,14.294,3.418,3.461
 Parbhani,2011 - 2012,"17,200.00","11,66,200.00",67.8,16.758,34.422,24.97,13.042,2.03,3.757
 Parbhani,2012 - 2013,"17,000.00","12,12,400.00",71.32,15.794,35.109,25.365,12.656,2.289,3.773
 Parbhani,2013 - 2014,"35,900.00","25,49,700.00",71.02,16.053,32.899,24.622,13.796,3.191,3.819
 Parbhani,2014 - 2015,"26,600.00","15,77,200.00",59.29,16.319,35.506,25.477,13.009,2.01,3.76
 Parbhani,2015 - 2016,"28,500.00","7,63,600.00",26.79,16.777,36.301,26.355,12.865,1.702,3.639
 Parbhani,2016 - 2017,"9,000.00","5,78,614.00",64.29,16.592,35.185,25.286,12.856,2.169,3.712
 Parbhani,2017 - 2018,"25,000.00","13,75,000.00",55,16.6,35.739,25.588,12.955,2.243,3.438
 Parbhani,2018 - 2019,"45,700.00","19,19,400.00",42,16.85,35.854,25.778,12.073,1.589,3.734
 Parbhani,2019 - 2020,"15,759.00","10,32,727.00",65.53,16.406,34.679,25.541,13.821,2.744,3.715
 Parbhani,2020 - 2021,"31,500.00","23,17,556.61",73.57,16.849,33.599,24.961,14.751,3.5,3.428
 Parbhani,2021 - 2022,"50,898.00","43,45,889.15",85.38,16.531,33.469,24.885,14.365,3.217,3.357
 Parbhani,2022 - 2023,"47,058.00","42,35,220.00",90,15.817,34.105,24.628,14.065,3.321,3.411
 Pune,1999 - 2000,"47,600.00","47,77,500.00",100.37,14.946,33.108,23.37,10.948,1.552,4.037
 Pune,2000 - 2001,"48,700.00","45,58,300.00",93.6,15.411,33.476,23.656,10.402,1.698,3.835
 Pune,2001 - 2002,"48,700.00","41,61,000.00",85.44,15.525,33.121,23.71,11.103,1.767,3.99
 Pune,2002 - 2003,"53,500.00","46,90,000.00",87.66,15.563,34.566,24.255,10.672,1.55,3.961
 Pune,2003 - 2004,"39,600.00","27,56,000.00",69.6,15.977,34.212,24.57,11.148,1.375,3.977
 Pune,2004 - 2005,"28,200.00","23,61,900.00",83.76,15.706,32.885,23.742,11.216,1.966,3.909
 Pune,2005 - 2006,"53,800.00","50,36,100.00",93.61,15.05,32.684,23.216,11.728,2.816,3.968
 Pune,2006 - 2007,"78,200.00","68,72,600.00",87.88,15.767,31.944,23.402,12.198,2.787,3.837
 Pune,2007 - 2008,"1,04,200.00","1,01,57,700.00",97.48,15.622,32.876,23.621,11.806,2.165,3.765
 Pune,2008 - 2009,"85,600.00","83,32,800.00",97.35,14.846,32.796,23.449,11.549,2.02,3.784
 Pune,2009 - 2010,"95,600.00","91,12,100.00",95.31,15.943,33.229,24.132,11.837,2.238,3.875
 Pune,2010 - 2011,"1,11,500.00","1,10,83,100.00",99.4,15.985,32.168,23.786,12.985,2.663,3.648
 Pune,2011 - 2012,"1,29,900.00","1,31,57,600.00",101.29,15.534,32.179,23.449,11.544,1.912,3.984
 Pune,2012 - 2013,"1,37,700.00","1,38,88,400.00",100.86,14.697,33.583,23.881,10.938,1.505,4.04
 Pune,2013 - 2014,"1,43,900.00","1,69,63,500.00",117.88,15.56,32.543,23.612,12.104,2.248,4.032
 Pune,2014 - 2015,"1,27,800.00","1,38,33,900.00",108.25,15.185,33.73,23.815,11.975,1.964,4.02
 Pune,2015 - 2016,"1,18,400.00","1,22,85,400.00",103.76,15.529,34.038,24.169,11.539,1.759,3.81
 Pune,2016 - 2017,"95,903.00","90,70,900.00",94.58,15.31,33.394,23.548,11.166,2.118,3.826
 Pune,2017 - 2018,"1,13,140.00","1,32,70,600.00",117.29,15.182,32.989,23.644,11.503,2.284,3.689
 Pune,2018 - 2019,"1,41,730.00","1,32,33,330.00",93.37,15.515,33.281,23.967,10.464,1.129,3.931
 Pune,2019 - 2020,"1,10,264.00","1,13,85,547.00",103.26,15.755,33.154,23.997,12.223,2.081,4.008
 Pune,2020 - 2021,"1,17,830.00","1,33,59,894.69",113.38,15.06,31.53,23.354,13.506,3.384,3.471
 Pune,2021 - 2022,"1,55,265.00","1,71,38,495.27",110.38,16.082,31.847,23.718,13.086,2.427,3.582
 Pune,2022 - 2023,"1,57,570.00","1,68,59,990.00",107,14.967,32.293,23.241,12.483,2.716,3.679
 Ratnagiri,2016 - 2017,95,"9,600.00",101.05,22.917,30.872,26.56,16.221,8.376,4.185
 Ratnagiri,2017 - 2018,44,"2,600.00",59.09,23.253,31.399,26.878,16.726,6.211,4.074
 Ratnagiri,2022 - 2023,19,"1,523.80",80.2,22.838,30.765,26.593,16.908,7.414,3.965
 Sangli,1999 - 2000,"45,600.00","49,06,600.00",107.6,15.655,34.316,24.37,11.648,1.631,4.626
 Sangli,2000 - 2001,"45,200.00","43,44,800.00",96.12,15.956,34.119,24.391,11.734,1.893,4.366
 Sangli,2001 - 2002,"44,900.00","44,72,400.00",99.61,16.075,34.238,24.559,11.743,1.424,4.71
 Sangli,2002 - 2003,"47,400.00","42,06,000.00",88.73,16.924,35.377,25.151,11.753,1.326,4.589
 Sangli,2003 - 2004,"35,100.00","27,95,500.00",79.64,16.827,35.548,25.458,12.057,1.169,4.483
 Sangli,2004 - 2005,"31,600.00","26,51,500.00",83.91,16.115,34,24.608,11.669,1.495,4.629
 Sangli,2005 - 2006,"36,800.00","29,96,400.00",81.42,15.95,33.596,24.17,12.505,2.613,4.358
 Sangli,2006 - 2007,"53,400.00","49,73,000.00",93.13,16.195,33.26,24.136,12.559,2.27,4.669
 Sangli,2007 - 2008,"64,700.00","65,50,000.00",101.24,16.037,33.698,24.355,12.567,2.581,4.348
 Sangli,2008 - 2009,"55,400.00","50,37,100.00",90.92,15.705,33.745,24.265,12.416,2.047,4.454
 Sangli,2009 - 2010,"63,200.00","54,19,700.00",85.75,16.696,34.006,24.853,12.733,2.362,4.434
 Sangli,2010 - 2011,"76,300.00","78,51,300.00",102.9,16.536,33.533,24.788,13.495,2.455,4.213
 Sangli,2011 - 2012,"70,500.00","71,63,400.00",101.61,16.185,33.701,24.556,12.053,1.689,4.855
 Sangli,2012 - 2013,"60,700.00","70,66,100.00",116.41,15.731,35.19,25.023,11.676,1.347,4.601
 Sangli,2013 - 2014,"62,600.00","74,66,700.00",119.28,16.322,33.789,24.603,12.352,1.742,4.679
 Sangli,2014 - 2015,"74,500.00","81,07,100.00",108.82,15.932,34.712,24.727,12.599,1.946,4.527
 Sangli,2015 - 2016,"84,000.00","80,87,900.00",96.28,16.25,35.13,25.293,12.266,1.429,4.363
 Sangli,2016 - 2017,"72,358.00","78,09,500.00",107.93,16.192,34.671,24.562,11.828,2.016,4.299
 Sangli,2017 - 2018,"80,176.00","85,46,800.00",106.6,15.962,34.132,24.479,12.236,2.102,4.142
 Sangli,2018 - 2019,"89,918.00","91,78,829.00",102.08,15.888,34.114,24.718,11.64,1.733,4.378
 Sangli,2019 - 2020,"89,827.00","89,87,585.00",100.05,16.729,33.809,24.743,13.215,3.319,4.349
 Sangli,2020 - 2021,"1,11,945.00","1,23,94,752.83",110.72,16.303,32.738,24.29,13.85,3.244,4.162
 Sangli,2021 - 2022,"92,715.00","98,67,440.05",106.43,16.433,33.027,24.509,13.697,2.662,4.078
 Sangli,2022 - 2023,"1,37,585.00","1,42,26,289.00",103.4,15.802,33.365,24.199,13.308,2.601,4.057
 Satara,1999 - 2000,"42,700.00","45,14,500.00",105.73,15.449,32.646,23.436,13.352,4.144,4.463
 Satara,2000 - 2001,"38,300.00","35,04,000.00",91.49,15.85,33.036,23.573,13.244,4.158,4.236
 Satara,2001 - 2002,"39,400.00","37,28,000.00",94.62,16.054,32.7,23.64,13.484,3.57,4.527
 Satara,2002 - 2003,"38,000.00","35,36,000.00",93.05,16.096,33.983,24.119,13.473,3.879,4.304
 Satara,2003 - 2004,"31,300.00","21,06,100.00",67.29,16.379,34.058,24.553,13.663,3.529,4.25
 Satara,2004 - 2005,"23,200.00","18,75,300.00",80.83,16.318,32.798,23.876,13.474,4.507,4.439
 Satara,2005 - 2006,"38,900.00","34,53,800.00",88.79,15.582,32.657,23.418,13.825,6.011,4.506
 Satara,2006 - 2007,"53,600.00","44,85,400.00",83.68,16.342,31.898,23.512,14.111,5.978,4.465
 Satara,2007 - 2008,"60,800.00","51,35,600.00",84.47,16.105,32.796,23.747,14.123,6.376,4.361
 Satara,2008 - 2009,"50,400.00","42,30,000.00",83.93,15.47,32.679,23.544,13.766,4.499,4.347
 Satara,2009 - 2010,"53,800.00","48,12,200.00",89.45,16.532,32.888,24.156,14.196,5.453,4.285
 Satara,2010 - 2011,"74,000.00","69,63,400.00",94.1,16.491,32.16,23.923,14.981,6.456,4.084
 Satara,2011 - 2012,"70,600.00","69,62,600.00",98.62,15.951,32.13,23.549,13.895,5.821,4.555
 Satara,2012 - 2013,"59,800.00","55,77,700.00",93.27,15.33,33.214,23.85,13.429,4.494,4.366
 Satara,2013 - 2014,"59,800.00","60,15,200.00",100.59,16.228,32.334,23.729,14.015,5.159,4.473
 Satara,2014 - 2015,"70,000.00","69,27,400.00",98.96,15.735,33.894,23.931,14.051,4.589,4.339
 Satara,2015 - 2016,"65,500.00","63,29,800.00",96.64,16.034,34.05,24.293,13.92,2.996,4.1
 Satara,2016 - 2017,"50,329.00","62,59,700.00",124.38,15.744,33.189,23.562,13.544,6.235,4.267
 Satara,2017 - 2018,"80,644.00","79,83,800.00",99,15.662,32.708,23.671,13.947,5.267,4.105
 Satara,2018 - 2019,"82,485.00","80,38,163.00",97.45,15.864,32.706,23.841,13.589,4.798,4.174
 Satara,2019 - 2020,"84,010.00","89,77,829.00",106.87,16.417,32.884,24.066,14.568,7.929,4.27
 Satara,2020 - 2021,"94,933.00","1,04,67,495.70",110.26,15.767,31.51,23.547,15.245,6.939,4.01
 Satara,2021 - 2022,"1,16,626.00","1,31,26,135.11",112.55,16.75,31.54,23.85,15.192,6.402,3.873
 Satara,2022 - 2023,"1,16,625.00","1,27,47,112.50",109.3,15.589,32.179,23.354,14.609,5.597,4.058
Sindhudurg,2013 - 2014,"1,100.00","96,700.00",87.91,24.654,30.02,27.251,17.588,4.754,5.727
Sindhudurg,2015 - 2016,"1,400.00","1,08,300.00",77.36,24.727,30.958,27.706,17.846,3.568,4.929
Sindhudurg,2016 - 2017,"1,209.00","1,21,400.00",100.41,24.143,30.242,27.087,17.471,4.478,5.489
Sindhudurg,2017 - 2018,"1,098.00","65,900.00",60.02,24.529,30.528,27.413,17.934,3.066,5.409
Sindhudurg,2022 - 2023,"1,236.00","99,127.20",80.2,24.143,30.25,27.09,17.866,3.421,5.196
Solapur,1999 - 2000,"66,700.00","63,04,500.00",94.52,16.187,35.757,25.346,0,0,0
Solapur,2000 - 2001,"64,700.00","59,52,500.00",92,16.254,35.026,25.171,0,0,0
Solapur,2001 - 2002,"59,800.00","45,33,500.00",75.81,16.55,35.002,25.382,0,0,0
Solapur,2002 - 2003,"56,400.00","40,52,000.00",71.84,17.33,36.225,25.917,0,0,0
Solapur,2003 - 2004,"48,600.00","28,31,500.00",58.26,17.287,36.483,26.307,0,0,0
Solapur,2004 - 2005,"36,400.00","26,32,800.00",72.33,16.443,34.839,25.371,0,0,0
Solapur,2005 - 2006,"68,300.00","56,60,500.00",82.88,16.564,34.256,24.933,0,0,0
Solapur,2006 - 2007,"1,43,600.00","1,22,23,700.00",85.12,16.67,34.56,25.002,0,0,0
Solapur,2007 - 2008,"1,54,500.00","1,22,47,900.00",79.27,16.585,34.679,25.087,0,0,0
Solapur,2008 - 2009,"1,17,500.00","99,54,400.00",84.72,16.146,34.555,25.023,0,0,0
Solapur,2009 - 2010,"1,07,300.00","99,32,600.00",92.57,17.248,35.356,25.742,0,0,0
Solapur,2010 - 2011,"1,63,100.00","1,60,00,100.00",98.1,16.967,34.492,25.647,0,0,0
Solapur,2011 - 2012,"1,73,400.00","1,59,36,200.00",91.9,16.999,35.331,25.642,0,0,0
Solapur,2012 - 2013,"1,44,200.00","97,16,600.00",67.38,16.357,36.253,25.984,0,0,0
Solapur,2013 - 2014,"1,22,600.00","1,04,88,200.00",85.55,16.572,34.637,25.327,0,0,0
Solapur,2014 - 2015,"2,05,500.00","2,00,49,700.00",97.57,16.479,35.321,25.526,0,0,0
Solapur,2015 - 2016,"1,83,100.00","1,09,64,400.00",59.88,16.8,36.094,26.176,0,0,0
Solapur,2016 - 2017,"64,744.00","47,62,070.00",73.55,16.76,35.637,25.415,0,0,0
Solapur,2017 - 2018,"1,00,505.00","1,04,68,150.00",104.16,16.482,35.309,25.296,0,0,0
Solapur,2018 - 2019,"1,90,018.00","1,40,93,635.00",74.17,16.428,35.723,25.767,0,0,0
Solapur,2019 - 2020,"97,086.00","88,86,198.00",91.53,17.466,35.303,25.827,0,0,0
Solapur,2020 - 2021,"2,15,000.00","2,26,08,354.26",105.16,17.116,33.615,25.139,0,0,0
Solapur,2021 - 2022,"2,54,125.00","2,60,87,769.41",102.66,16.816,34.237,25.24,0,0,0
Solapur,2022 - 2023,"2,30,050.00","2,00,58,059.50",87.19,16.239,34.283,25.122,0,0,0
Thane,2022 - 2023,11,882.2,80.2,16.99,33.941,24.967,13.034,5.391,3.716
Wardha,1999 - 2000,"2,700.00","2,32,700.00",86.19,15.415,34.471,24.565,12.565,2.753,3.135
Wardha,2000 - 2001,"3,500.00","2,33,900.00",66.83,15.877,35.34,25.236,11.882,2.464,3.059
Wardha,2001 - 2002,"3,200.00","1,91,400.00",59.81,15.832,35.025,25.144,12.553,2.571,3.121
Wardha,2002 - 2003,"3,900.00","2,32,000.00",59.49,16.393,35.477,25.696,12.385,2.753,3.263
Wardha,2003 - 2004,"2,900.00","1,71,700.00",59.21,16.006,34.593,25.156,13.385,3.461,3.231
Wardha,2004 - 2005,"1,600.00","72,000.00",45,15.951,35.619,25.322,12.65,2.331,3.102
Wardha,2005 - 2006,"1,600.00","88,500.00",55.31,15.401,34.333,24.809,13.232,3.914,3.173
Wardha,2006 - 2007,"3,400.00","2,29,300.00",67.44,16.279,34.341,25.063,13.591,3.931,2.944
Wardha,2007 - 2008,"5,500.00","3,19,200.00",58.04,16.314,34.67,25.064,13.093,2.956,3.028
Wardha,2008 - 2009,"1,900.00","72,300.00",38.05,15.608,34.442,24.907,13.078,3.34,2.831
Wardha,2009 - 2010,"1,800.00","1,48,600.00",82.56,16.712,35.383,25.96,12.937,2.767,2.968
Wardha,2010 - 2011,"2,000.00","1,36,800.00",68.4,16.793,34.071,25.521,13.948,4.386,2.93
Wardha,2011 - 2012,"3,700.00","2,44,300.00",66.03,16.162,34.543,24.9,12.892,2.399,2.991
Wardha,2012 - 2013,"2,100.00","1,80,200.00",85.81,14.838,34.668,24.965,12.741,3.318,3.142
Wardha,2013 - 2014,"3,200.00","1,87,500.00",58.59,15.82,33.525,24.539,13.853,4.324,3.183
Wardha,2014 - 2015,"3,100.00","2,01,800.00",65.1,16.039,35.593,25.394,12.892,2.292,3.236
Wardha,2015 - 2016,"3,100.00","2,14,700.00",69.26,15.856,35.42,25.625,12.867,2.449,3.086
Wardha,2016 - 2017,"3,017.00","1,80,200.00",59.73,16.114,34.846,25.214,12.945,3.472,3.166
Wardha,2017 - 2018,"2,168.00","1,30,100.00",60.01,16.261,35.448,25.454,12.856,2.964,2.921
Wardha,2018 - 2019,"2,505.00","1,69,488.00",67.66,16.258,35.237,25.312,12.274,2.926,3.053
Wardha,2019 - 2020,"2,660.00","1,71,916.00",64.63,15.599,34.514,25.15,13.498,3.147,3.197
Wardha,2020 - 2021,"1,407.00","96,250.00",68.41,15.64,33.213,24.352,14.619,4.423,2.847
Wardha,2021 - 2022,532,"33,576.96",63.11,15.777,33.839,24.888,14.184,3.926,2.784
Wardha,2022 - 2023,"1,784.00","89,200.00",50,15.408,33.97,24.472,13.897,4.498,2.909
Washim,1999 - 2000,"1,800.00","1,68,300.00",93.5,16.079,34.836,24.969,0,0,0
Washim,2000 - 2001,"2,800.00","1,86,900.00",66.75,16.247,34.955,25.471,0,0,0
Washim,2001 - 2002,"2,400.00","1,42,500.00",59.38,16.756,35.418,25.517,0,0,0
Washim,2002 - 2003,"1,100.00","55,000.00",50,17.183,35.7,25.977,0,0,0
Washim,2003 - 2004,"1,200.00","65,400.00",54.5,16.665,34.777,25.582,0,0,0
Washim,2004 - 2005,"1,300.00","88,700.00",68.23,16.499,35.491,25.557,0,0,0
Washim,2005 - 2006,300,"20,100.00",67,16.008,34.094,24.963,0,0,0
Washim,2006 - 2007,100,"5,000.00",50,16.609,34.238,25.049,0,0,0
Washim,2007 - 2008,600,"48,600.00",81,16.779,34.541,25.178,0,0,0
Washim,2008 - 2009,100,"6,500.00",65,16.119,34.463,25.097,0,0,0
Washim,2009 - 2010,200,"14,200.00",71,17.372,35.796,26.203,0,0,0
Washim,2011 - 2012,100,"7,600.00",76,16.95,34.699,25.256,0,0,0
Washim,2014 - 2015,200,"5,800.00",29,16.639,35.847,25.757,0,0,0
Washim,2015 - 2016,200,"7,200.00",36,16.854,36.324,26.437,0,0,0
Washim,2016 - 2017,256,"13,500.00",52.73,16.725,35.151,25.466,0,0,0
Washim,2017 - 2018,154,"6,900.00",44.81,16.853,35.663,25.704,0,0,0
Washim,2018 - 2019,183,"8,784.00",48,16.76,35.544,25.697,0,0,0
Washim,2019 - 2020,99,"4,178.00",42.2,16.433,34.77,25.629,0,0,0
Washim,2022 - 2023,117,"5,850.00",50,15.843,34.22,24.769,0,0,0
Yavatmal,1999 - 2000,"7,000.00","6,49,900.00",92.84,16.7,35.361,25.617,0,0,0
Yavatmal,2000 - 2001,"7,400.00","5,59,900.00",75.66,16.792,35.383,26.005,0,0,0
Yavatmal,2001 - 2002,"6,900.00","4,99,200.00",72.35,17.404,36.083,26.179,0,0,0
Yavatmal,2002 - 2003,"7,200.00","4,48,000.00",62.22,17.702,35.958,26.451,0,0,0
Yavatmal,2003 - 2004,"5,600.00","3,50,000.00",62.5,17.393,34.968,26.063,0,0,0
Yavatmal,2004 - 2005,"3,000.00","1,99,600.00",66.53,16.997,35.561,25.855,0,0,0
Yavatmal,2005 - 2006,"2,700.00","1,92,300.00",71.22,16.742,34.406,25.489,0,0,0
Yavatmal,2006 - 2007,"11,300.00","7,17,700.00",63.51,17.135,34.757,25.633,0,0,0
Yavatmal,2007 - 2008,"13,300.00","11,12,600.00",83.65,17.397,34.89,25.655,0,0,0
Yavatmal,2008 - 2009,"6,300.00","3,57,300.00",56.71,16.61,34.752,25.582,0,0,0
Yavatmal,2009 - 2010,"2,300.00","1,67,200.00",72.7,17.966,36.201,26.671,0,0,0
Yavatmal,2010 - 2011,"4,500.00","3,00,600.00",66.8,17.542,34.523,26.178,0,0,0
Yavatmal,2011 - 2012,"4,700.00","3,30,500.00",70.32,17.559,35.321,25.874,0,0,0
Yavatmal,2012 - 2013,"4,200.00","3,55,100.00",84.55,16.157,35.521,25.944,0,0,0
Yavatmal,2013 - 2014,"6,500.00","4,90,700.00",75.49,16.675,33.45,25.212,0,0,0
Yavatmal,2014 - 2015,"8,100.00","5,53,700.00",68.36,17.27,36.262,26.243,0,0,0
Yavatmal,2015 - 2016,"13,600.00","9,08,400.00",66.79,17.498,36.587,26.848,0,0,0
Yavatmal,2016 - 2017,"12,493.00","8,88,300.00",71.1,17.267,35.172,25.76,0,0,0
Yavatmal,2017 - 2018,"14,127.00","5,93,300.00",42,17.223,35.485,25.845,0,0,0
Yavatmal,2018 - 2019,"3,826.00","2,29,560.00",60,17.026,35.561,25.957,0,0,0
Yavatmal,2019 - 2020,"8,846.00","6,14,827.00",69.5,17.044,35.013,26.015,0,0,0
Yavatmal,2020 - 2021,"10,960.00","8,27,719.91",75.52,17.252,33.472,25.269,0,0,0
Yavatmal,2021 - 2022,"12,011.00","11,84,561.80",98.62,17.104,33.936,25.523,0,0,0
Yavatmal,2022 - 2023,"12,000.00","7,63,560.00",63.63,16.234,34.494,25.287,0,0,0
